Symbol,GICS Sector,environmentScore,socialScore,governanceScore,totalEsg,highestControversy,marketCap,beta
A,Health Care,1.12,6.42,6.1,13.64,2,39751831552,1.054
AAL,Industrials,9.94,11.65,4.76,26.35,2,7335383552,1.433
AAPL,Information Technology,0.46,7.39,9.37,17.22,3,3.2961E+12,1.24
ABBV,Health Care,2.38,17.19,10.36,29.93,3,3.41698E+11,0.619
ABT,Health Care,2.27,14.24,8.33,24.83,3,2.05534E+11,0.722
ACGL,Financials,1.47,10.1,10.89,22.46,2,42855567360,0.596
ACN,Information Technology,0.82,4.61,4.41,9.84,2,2.11116E+11,1.239
ADBE,Information Technology,1.94,5.99,5.15,13.08,2,2.31233E+11,1.296
ADI,Information Technology,9.27,6.68,6.98,22.92,1,1.11885E+11,1.073
ADM,Consumer Staples,16.64,10.15,5.01,31.79,3,28908466176,0.714
ADP,Industrials,2.8,5.54,5.49,13.82,1,1.13942E+11,0.802
ADSK,Information Technology,3.68,8.19,4.89,16.76,0,57698152448,1.476
AEE,Utilities,12.85,9.07,5.25,27.17,2,22804828160,0.458
AEP,Utilities,12.66,8.1,5.38,26.14,2,55846035456,0.533
AES,Utilities,13.26,8.18,5.26,26.69,2,13678178304,1.062
AFL,Financials,0.3,9.14,8.9,18.33,1,61698056192,0.949
AIG,Financials,1.65,9.67,12.86,24.18,2,47394791424,1.075
AIZ,Financials,1.63,10.82,11.66,24.11,2,10138020864,0.563
AJG,Financials,0.09,10.92,10.15,21.16,2,65631498240,0.729
AKAM,Information Technology,3,7.09,6.93,17.01,1,15044968448,0.676
ALB,Materials,15.39,4.85,6.33,26.57,2,10556814336,1.543
ALL,Financials,1.03,10.13,10.88,22.04,2,50315587584,0.477
ALLE,Industrials,10.9,5.84,5.04,21.78,0,12491554816,1.123
AMAT,Information Technology,4.49,2.97,5.28,12.74,1,1.55474E+11,1.541
AME,Industrials,8.65,8.51,6.73,23.9,1,39030026240,1.173
AMGN,Health Care,0.73,13.48,7.75,21.96,3,1.78823E+11,0.605
AMP,Financials,2.08,7.83,10.34,20.27,2,44403879936,1.346
AMT,Real Estate,2.9,2.85,5.16,10.9,1,1.12249E+11,0.83
AMZN,Consumer Discretionary,6,15.39,9.22,30.61,3,1.96142E+12,1.146
ANET,Information Technology,0.4,8.88,7.39,16.67,1,1.13394E+11,1.073
ANSS,Information Technology,3.51,7.32,5.07,15.89,0,27723399168,1.114
AOS,Industrials,7.15,11.87,6.42,25.44,1,11915595776,1.147
APA,Energy,21.98,8.88,7.96,38.81,2,9340100608,3.243
APD,Materials,7.42,1.5,3.35,12.26,1,64722276352,0.828
APH,Information Technology,7.32,4.64,7.6,19.57,2,77062520832,1.246
APTV,Consumer Discretionary,1.45,3.94,5.26,10.66,1,16498891776,1.793
ARE,Real Estate,3.91,3.66,6.32,13.89,0,21814970368,1.173
ATO,Utilities,14.83,13.42,6.36,34.61,2,21445437440,0.67
AVB,Real Estate,2.96,2.05,4.75,9.76,1,33116518400,0.986
AVGO,Information Technology,7.34,6,6.64,19.98,3,7.58829E+11,1.183
AVY,Materials,11.42,0.95,3.71,16.07,1,17797928960,0.895
AWK,Utilities,9.04,7.58,5,21.62,1,29209964544,0.691
AXP,Financials,0.05,8.85,9.7,18.61,2,1.88676E+11,1.212
AZO,Consumer Discretionary,0.11,7.07,3.83,11.02,2,52974329856,0.709
BA,Industrials,8.84,22.48,8.29,39.6,4,96371113984,1.575
BAC,Financials,1.73,15.09,11.48,28.3,3,3.06891E+11,1.34
BALL,Materials,7.6,0.76,3.74,12.1,2,20405639168,0.878
BAX,Health Care,2.83,13.6,7.14,23.57,3,20539770880,0.593
BBWI,Consumer Discretionary,12.17,10.25,5.88,28.3,2,6389305856,1.753
BBY,Consumer Discretionary,2.4,9.09,4.4,15.89,2,21360842752,1.479
BDX,Health Care,3.04,13.65,7.13,23.82,3,67647401984,0.447
BEN,Financials,1.12,9.88,7.3,18.3,2,10643009536,1.408
BG,Consumer Staples,14.39,13.26,5.27,32.92,3,13837887488,0.637
BIIB,Health Care,0.42,14.46,7.37,22.24,3,29071065088,-0.057
BIO,Health Care,1.21,9.18,7,17.4,1,9264203776,0.947
BK,Financials,1.13,9.86,9.94,20.93,2,52254806016,1.067
BKNG,Consumer Discretionary,0.98,10.13,8.13,19.23,3,1.3552E+11,1.4
BLK,Financials,0.9,7.36,9.99,18.25,2,1.33985E+11,1.317
BMY,Health Care,1.31,14.37,7.07,22.74,2,1.00336E+11,0.458
BR,Industrials,4.19,7.5,4.94,16.63,2,24700252160,1.059
BRO,Financials,0.13,9.77,10.58,20.48,1,29438932992,0.829
BSX,Health Care,2.36,11.85,8.89,23.11,2,1.22979E+11,0.797
BWA,Consumer Discretionary,2.67,4.21,5.71,12.59,2,7493600256,1.182
BX,Financials,2.52,9.57,11.29,23.39,2,1.8878E+11,1.5
BXP,Real Estate,2.54,4.52,5.45,12.51,1,14431182848,1.199
C,Financials,1.8,13.75,13.69,29.24,4,1.13113E+11,1.435
CAG,Consumer Staples,10.71,15.42,4.7,30.83,2,15617014784,0.309
CAH,Health Care,1.17,7.33,6.36,14.86,3,27622834176,0.616
CAT,Industrials,10.43,17.69,8.06,36.17,4,1.71504E+11,1.089
CB,Financials,1.46,11.54,10.61,23.6,2,1.17456E+11,0.674
CBOE,Financials,2.73,7.58,10.64,20.95,1,22355052544,0.673
CBRE,Real Estate,1.46,1.89,4.64,7.98,1,36618518528,1.4
CCI,Real Estate,4.08,1.67,4.35,10.1,0,52256673792,0.861
CCL,Consumer Discretionary,9.4,10.13,4.96,24.49,3,23359668224,2.693
CDNS,Information Technology,2.33,4.88,4.81,12.02,0,75243003904,1.02
CDW,Information Technology,2.48,3.21,3.52,9.21,0,29830193152,1.033
CE,Materials,14.7,5.86,5.57,26.13,2,13741040640,1.294
CF,Materials,16.19,7.73,5.42,29.33,1,14698166272,0.946
CFG,Financials,1.96,10.15,11.43,23.54,2,18201001984,1.328
CHD,Consumer Staples,6.89,6.31,6.66,19.86,1,25759404032,0.54
CHRW,Industrials,4.73,9.29,5.3,19.32,1,11764709376,0.825
CHTR,Communication Services,6.05,10.72,7.95,24.72,2,49012998144,1.051
CI,Health Care,0.02,5.99,5.65,11.65,2,1.02553E+11,0.509
CINF,Financials,1.76,10.97,12.88,25.61,1,21433022464,0.671
CL,Consumer Staples,8.32,11.31,6.54,26.17,2,86145523712,0.399
CLX,Consumer Staples,7.72,8.59,5.31,21.63,2,20554795008,0.393
CMCSA,Communication Services,3.96,10.9,8.23,23.09,2,1.52112E+11,1.01
CME,Financials,2.13,6.48,9.19,17.8,1,78691844096,0.561
CMG,Consumer Discretionary,6.79,9.59,4.27,20.66,2,80114573312,1.256
CMI,Industrials,5.62,7.74,5.94,19.3,2,41332305920,0.975
CMS,Utilities,9.61,6.84,5.24,21.7,2,21054464000,0.403
CNC,Health Care,0.09,13.28,6.51,19.89,2,40278089728,0.484
CNP,Utilities,12.92,10.67,5.14,28.73,2,18456739840,0.913
COF,Financials,0.13,12.28,10.09,22.5,3,55399669760,1.447
COO,Health Care,2.7,8.8,5.96,17.47,2,22152052736,0.981
COP,Energy,17.57,8.07,8.28,33.91,2,1.25752E+11,1.228
COR,Health Care,1.57,5.53,5.65,12.75,3,47284768768,0.441
COST,Consumer Staples,6.52,11.22,5.55,23.29,3,4.0249E+11,0.788
CPB,Consumer Staples,10.87,8.15,4.47,23.5,2,15393454080,0.175
CPRT,Industrials,1.48,8.96,5.59,16.03,1,48807755776,1.271
CPT,Real Estate,4,3.93,8.17,16.09,1,13321857024,0.916
CRM,Information Technology,2.01,7.48,5.39,14.88,1,2.43962E+11,1.297
CSCO,Information Technology,0.45,6.9,6.51,13.87,2,2.01971E+11,0.819
CSGP,Real Estate,4.86,9.34,7.71,21.91,1,31924740096,0.816
CSX,Industrials,7.04,10.03,4.84,21.91,2,66052870144,1.189
CTAS,Industrials,3.03,9.17,5.88,18.08,2,82610397184,1.312
CTRA,Energy,20.26,8.34,7.47,36.07,2,17010694144,0.199
CTSH,Information Technology,1.11,7.64,5.91,14.66,2,38596894720,1.05
CVS,Health Care,0.03,15.76,6.17,21.97,3,73428492288,0.528
CVX,Energy,17.01,9.18,10.42,36.6,3,2.60253E+11,1.08
D,Utilities,11.94,8.84,5.62,26.4,2,49103040512,0.602
DAL,Industrials,9.88,14.57,5.8,30.26,2,30128158720,1.349
DD,Materials,14.66,7.99,5.94,28.6,3,34593636352,1.325
DE,Industrials,2.67,10.79,6.49,19.95,2,1.0886E+11,0.929
DFS,Financials,0.13,11.87,10.51,22.5,2,34542485504,1.41
DG,Consumer Staples,3.5,8.56,5.53,17.59,2,18914889728,0.444
DGX,Health Care,0.13,13.07,8,21.21,3,17405513728,0.889
DHI,Consumer Discretionary,8.71,6.66,5.66,21.03,2,63652651008,1.728
DHR,Health Care,1.35,5.16,5.35,11.86,2,1.99352E+11,0.861
DIS,Communication Services,0.04,8.96,6.71,15.7,2,1.6841E+11,1.398
DLR,Real Estate,2.8,2.81,7,12.61,0,53710041088,0.619
DLTR,Consumer Staples,3.29,12.78,4.02,20.08,2,15801912320,0.872
DOV,Industrials,7.98,12.48,5.42,25.88,1,25890215936,1.218
DPZ,Consumer Discretionary,10.65,12.2,6.34,29.19,2,14424346624,0.858
DRI,Consumer Discretionary,7.92,15,4.55,27.47,2,19135490048,1.303
DTE,Utilities,15.03,10.04,4.73,29.8,2,26159034368,0.676
DUK,Utilities,11.52,10.68,4.81,27.01,2,90888200192,0.457
DVA,Health Care,0.07,14.08,8.42,22.56,2,13859445760,0.863
DVN,Energy,17.67,8.56,7.53,33.76,2,25336051712,2.069
DXCM,Health Care,5.35,10.62,8.08,24.05,1,28086915072,1.183
EA,Communication Services,0.13,8.42,4.73,13.29,2,38710616064,0.791
EBAY,Consumer Discretionary,2.74,7.65,7.21,17.6,2,31726319616,1.312
ECL,Materials,8.54,6.05,5.27,19.86,2,72044814336,1.136
ED,Utilities,6.86,10.86,6.08,23.81,3,36293570560,0.348
EFX,Industrials,0.08,16.3,6.78,23.16,3,37629485056,1.583
EG,Financials,1.39,6.67,9.91,17.96,1,16770212864,0.615
EIX,Utilities,10.98,11.42,5.11,27.51,3,33307713536,0.921
EL,Consumer Staples,6.95,11.05,7.48,25.48,2,30537748480,0.997
ELV,Health Care,0.07,6.03,5.29,11.38,2,1.28349E+11,0.832
EMN,Materials,12.84,5.85,6.59,25.27,2,12378979328,1.45
EMR,Industrials,8.77,13.05,6.55,28.36,1,59430801408,1.293
EOG,Energy,20.16,6.67,7.33,34.16,1,70045835264,1.288
EQIX,Real Estate,3.44,5.31,5.13,13.88,1,83225911296,0.7
EQR,Real Estate,2.98,2.87,6.05,11.91,1,30392528896,0.91
EQT,Energy,17.66,10.08,7.95,35.69,1,19929661440,1.062
ES,Utilities,4.67,8.56,5.39,18.62,2,24445104128,0.618
ESS,Real Estate,3.46,2.84,6.13,12.44,1,20950151168,0.895
ETN,Industrials,5.46,6.76,5.72,17.94,1,1.241E+11,1.007
ETR,Utilities,14.04,7.3,5.32,26.67,2,27601307648,0.723
EW,Health Care,2.86,8.08,7.63,18.57,1,40499355648,1.132
EXC,Utilities,7.38,9.05,6.44,22.86,3,40450048000,0.601
EXPD,Industrials,4.15,7.56,4.84,16.56,2,17457532928,0.958
EXPE,Consumer Discretionary,4.27,13.31,10.08,27.65,2,17677033472,1.793
EXR,Real Estate,4.23,3.72,7.26,15.2,1,39176241152,0.871
F,Consumer Discretionary,7.43,6.41,8.51,22.35,3,43330224128,1.635
FAST,Industrials,9.28,8.29,7.1,24.67,2,40423079936,0.996
FCX,Materials,15.26,9.96,6.4,31.61,4,61971775488,1.891
FDS,Financials,4.32,8.75,5.3,18.37,1,17269403648,0.748
FDX,Industrials,5.66,8.42,5.61,19.68,2,72837300224,1.185
FE,Utilities,10.77,8.99,5.79,25.56,3,25536411648,0.489
FFIV,Information Technology,4.14,7.61,5.4,17.15,1,12510163968,1.057
FI,Financials,4.12,8.74,6.77,19.64,2,1.00953E+11,0.933
FIS,Financials,4.09,8.17,5.21,17.48,1,46394933248,1.086
FITB,Financials,1.19,8.15,7.5,16.84,2,28733145088,1.239
FMC,Materials,14.35,8.92,7.46,30.73,1,7908886016,0.855
FRT,Real Estate,2.27,4.34,5.82,12.42,1,9881507840,1.256
FTNT,Information Technology,2.5,10.03,6.37,18.9,1,58393071616,0.998
FTV,Industrials,16.09,13.97,4.7,34.76,1,26181060608,1.161
GD,Industrials,9.37,18.9,6.93,35.19,3,84507975680,0.607
GE,Industrials,14.24,15.41,10.9,40.55,3,1.95534E+11,1.179
GEN,Information Technology,3.35,8.2,5.39,16.94,2,16286790656,1.06
GILD,Health Care,1,14.34,7.62,22.97,2,1.03396E+11,0.196
GIS,Consumer Staples,8.32,8.72,4.09,21.13,2,41540526080,0.091
GL,Financials,1.58,8.28,10.49,20.35,2,9538871296,0.808
GLW,Information Technology,5.53,4.81,6.13,16.48,2,37051850752,1.036
GM,Consumer Discretionary,9.83,11.48,7.19,28.5,4,53408677888,1.439
GOOGL,Communication Services,1.56,11.16,11.51,24.22,4,1.9666E+12,1.039
GPC,Consumer Discretionary,4.67,5.18,3.8,13.66,2,19135287296,0.913
GPN,Financials,3.65,10.68,6.54,20.87,1,28514754560,0.991
GRMN,Consumer Discretionary,4.78,11.63,4.25,20.66,1,33179969536,1.009
GS,Financials,0.88,12.76,11.82,25.45,2,1.53286E+11,1.353
GWW,Industrials,4.54,5.55,5.91,16,2,49508282368,1.159
HAL,Energy,9.79,8.9,6.94,25.63,2,25866889216,1.906
HAS,Consumer Discretionary,0.04,2.88,4.16,7.08,2,9817040896,0.596
HBAN,Financials,1.97,11.19,8.68,21.84,2,21263603712,1.068
HCA,Health Care,3.9,17.72,7.22,28.84,3,1.04115E+11,1.678
HD,Consumer Discretionary,3.32,5.56,3.76,12.64,2,3.8067E+11,1.003
HES,Energy,18.93,7.2,6.98,33.11,2,40304525312,1.164
HIG,Financials,1.81,7.24,7.58,16.63,1,34303150080,0.924
HLT,Consumer Discretionary,6.11,7,4.45,17.56,2,54307586048,1.31
HOLX,Health Care,4.57,12.08,8.35,25,1,19208910848,0.984
HON,Industrials,10.99,10.59,7.04,28.62,3,1.32689E+11,1.027
HPE,Information Technology,0.95,4.14,5.6,10.69,2,23635793920,1.203
HPQ,Information Technology,0.11,5.05,6.09,11.26,2,33170137088,1.083
HRL,Consumer Staples,13.31,10.68,6,30,3,17838264320,0.248
HSIC,Health Care,2,5.67,6.28,13.95,2,9026677760,0.861
HST,Real Estate,3.25,4.58,5.52,13.35,1,24961603584,1.341
HSY,Consumer Staples,10.52,10.4,5.14,26.05,3,40621432832,0.361
HUBB,Industrials,5.6,9.09,4.91,19.6,0,22078416896,0.898
HUM,Health Care,0.01,16.71,5.74,22.47,2,37954166784,0.509
IBM,Information Technology,1.78,6.22,6.14,14.14,2,1.97245E+11,0.693
ICE,Financials,1.7,9.25,8.82,19.78,1,93476061184,1.091
IDXX,Health Care,2.62,7.1,8.94,18.66,1,42162847744,1.332
IEX,Industrials,10.28,13.72,5.34,29.34,0,15495729152,0.949
IFF,Materials,10.49,5.57,6.63,22.69,3,26644783104,1.233
INCY,Health Care,1.06,16.3,7.41,24.76,1,12794285056,0.735
INTC,Information Technology,4.93,7.32,6.62,18.87,3,91805720576,1.02
INTU,Information Technology,0.97,10.7,4.73,16.41,2,1.81139E+11,1.243
IP,Materials,15.15,4.5,4.81,24.47,3,17309921280,1.01
IPG,Communication Services,0.04,5,5.28,10.32,1,11729707008,1.084
IQV,Health Care,1.3,10.62,7.22,19.14,2,43748352000,1.498
IRM,Real Estate,5,3.74,5.76,14.5,2,34669355008,1.026
ISRG,Health Care,3.65,9.58,7.84,21.07,1,1.74618E+11,1.395
IT,Information Technology,0.11,13.17,5.64,18.93,1,39306534912,1.323
ITW,Industrials,7,11.78,6.52,25.29,2,75748122624,1.112
IVZ,Financials,0.73,11.02,11.04,22.79,2,7470531584,1.423
J,Industrials,5.29,11.46,5.62,22.37,3,18008506368,0.721
JBHT,Industrials,3.28,6.55,5,14.82,1,17132796928,1.153
JCI,Industrials,4.49,4.55,5.39,14.43,3,48678182912,1.3
JKHY,Financials,4.32,8.66,5.68,18.66,0,12909138944,0.638
JNJ,Health Care,0.92,15.02,8.03,23.98,4,4.02178E+11,0.519
JNPR,Information Technology,1.82,7.2,5.8,14.82,1,12847232000,0.921
JPM,Financials,1.11,16.45,11.7,29.26,3,5.9535E+11,1.105
K,Consumer Staples,10.64,13.35,4.38,28.37,2,27749677056,0.394
KEY,Financials,1.59,9.16,10.66,21.42,1,15378881536,1.238
KEYS,Information Technology,1.2,1.75,4.65,7.6,1,26116489216,0.974
KHC,Consumer Staples,13.49,14.05,6.17,33.7,3,42366164992,0.478
KIM,Real Estate,2.35,2.58,5.97,10.9,0,16219149312,1.492
KLAC,Information Technology,7.41,5.13,4.64,17.19,0,99420717056,1.276
KMB,Consumer Staples,10.43,10.4,7.64,28.48,2,48567140352,0.403
KMI,Energy,8.28,7.19,3.49,18.96,2,47851556864,0.921
KMX,Consumer Discretionary,0.09,8.02,3.99,12.1,2,12391112704,1.688
KO,Consumer Staples,7.23,9.54,4.86,21.63,3,3.09449E+11,0.609
KR,Consumer Staples,6.55,9.12,5.6,21.27,3,40625352704,0.46
L,Financials,0.59,4.25,11.53,16.38,2,17404710912,0.818
LDOS,Industrials,3.37,9.03,5.25,17.65,2,20855037952,0.704
LEN,Consumer Discretionary,11.26,8.55,5.55,25.36,2,50908487680,1.609
LH,Health Care,0.43,12.71,6.6,19.74,2,19060506624,1.041
LKQ,Consumer Discretionary,3.8,4,3.27,11.07,2,10751375360,1.283
LLY,Health Care,2.54,12.6,9.14,24.28,2,8.15948E+11,0.422
LMT,Industrials,7.96,15.11,7.11,30.18,3,1.3656E+11,0.469
LNT,Utilities,8.54,6.55,6.28,21.36,0,15520779264,0.57
LOW,Consumer Discretionary,3.31,5.31,3.17,11.78,2,1.45636E+11,1.09
LRCX,Information Technology,4.5,3.97,5.14,13.61,1,99490209792,1.483
LULU,Consumer Discretionary,1.58,9.86,5.5,16.94,2,32572626944,1.253
LUV,Industrials,11.04,13.69,5.95,30.67,2,17099948032,1.162
LVS,Consumer Discretionary,2.3,7.72,8.67,18.69,2,30488285184,1.113
LYB,Materials,13.5,2.1,5.09,20.69,2,30880202752,1.082
MA,Financials,2.15,6.66,8.27,17.07,4,4.62832E+11,1.103
MAA,Real Estate,3.9,2.95,6.25,13.09,1,19992911872,0.873
MAR,Consumer Discretionary,8.55,9.16,3.72,21.43,3,66329636864,1.591
MAS,Industrials,9.73,5.64,6.82,22.19,1,17732730880,1.247
MCD,Consumer Discretionary,7.56,12.56,5.84,25.95,3,2.1072E+11,0.724
MCHP,Information Technology,15.25,9.16,7.4,31.82,1,41310883840,1.519
MCK,Health Care,1.65,7.28,6.29,15.23,3,67408543744,0.441
MCO,Financials,1.61,6.09,8.12,15.82,2,88281661440,1.29
MDLZ,Consumer Staples,7.23,9.39,5.41,22.02,3,1.00893E+11,0.548
MDT,Health Care,1.78,13.43,7.57,22.77,3,1.13677E+11,0.854
MET,Financials,0.69,6.96,8.77,16.43,2,54821441536,1.029
META,Communication Services,2.71,21.09,10.29,34.08,4,1.35678E+12,1.213
MGM,Consumer Discretionary,1.3,12.97,10.49,24.76,2,11303280640,2.236
MHK,Consumer Discretionary,5.75,4.19,4.19,14.14,2,9834908672,1.375
MKC,Consumer Staples,9.63,11.09,5.35,26.07,2,22768777216,0.758
MLM,Materials,16.68,4.77,8.67,30.12,2,32638973952,0.908
MMC,Financials,0.09,11.31,9.67,21.07,2,1.13679E+11,0.937
MMM,Industrials,17.22,13.59,6.54,37.35,5,73377218560,0.995
MNST,Consumer Staples,12.07,12.04,5.11,29.23,2,50022043648,0.737
MO,Consumer Staples,6.1,17.64,7.58,31.32,3,86164111360,0.687
MOS,Materials,13.87,11.05,8.6,33.52,2,8173065216,1.363
MPC,Energy,17.09,8.15,5.25,30.49,3,54844665856,1.364
MRK,Health Care,1.85,10.64,8.9,21.39,3,2.99843E+11,0.401
MRO,Energy,21.07,9.05,7.6,37.72,2,15304718336,2.169
MS,Financials,1.14,12.91,10.53,24.58,2,1.61931E+11,1.357
MSCI,Financials,1.57,6.97,7.74,16.27,1,44539666432,1.111
MSFT,Information Technology,1.46,7.53,6.07,15.06,3,3.23449E+12,0.896
MSI,Information Technology,2.26,5.07,5.8,13.13,1,73940533248,0.977
MTB,Financials,2.63,10.32,13.58,26.53,1,29028114432,0.744
MTD,Health Care,1,7.41,4.69,13.1,0,29563645952,1.139
MU,Information Technology,7.23,5.46,5.49,18.18,2,98387369984,1.176
NCLH,Consumer Discretionary,8.97,10.9,6.08,25.94,2,8688294912,2.712
NDAQ,Financials,0.03,5.63,7.43,13.09,1,42128486400,0.962
NDSN,Industrials,8.18,11.61,5.1,24.89,1,14591575040,0.902
NEE,Utilities,9.38,8.3,5.6,23.27,2,1.74643E+11,0.551
NEM,Materials,7.05,8.24,5.22,20.52,3,60940009472,0.513
NFLX,Communication Services,0.09,7.31,9.01,16.41,2,3.03381E+11,1.262
NI,Utilities,11.98,9.17,4.87,26.02,3,15419760640,0.504
NKE,Consumer Discretionary,2.98,9.99,6.65,19.61,3,1.20908E+11,1.014
NOC,Industrials,7.79,14.37,5.37,27.53,2,76233113600,0.337
NOW,Information Technology,3.99,6.04,6.57,16.59,0,1.83719E+11,0.987
NRG,Utilities,16.8,9.5,5.69,31.97,2,16782821376,1.085
NSC,Industrials,8.02,10.48,5.42,23.92,3,55861764096,1.307
NTAP,Information Technology,2.19,7.74,5.5,15.43,1,24377368576,1.219
NTRS,Financials,1.87,11.83,10.17,23.86,2,18278486016,1.096
NUE,Materials,9.3,14.72,8.8,32.82,2,33929832448,1.563
NVDA,Information Technology,2.3,4.95,6.34,13.59,2,2.83542E+12,1.673
NVR,Consumer Discretionary,7.21,7.82,5.24,20.27,1,29192695808,1.187
NWSA,Communication Services,0.02,4.74,6.72,11.47,2,15057525760,1.358
NXPI,Information Technology,8.58,5.45,5.81,19.84,1,59243253760,1.497
O,Real Estate,4.41,5.32,5.74,15.47,2,54585954304,0.992
OKE,Energy,10.83,11.01,3.31,25.15,1,55288446976,1.634
OMC,Communication Services,0.09,9.33,6.86,16.28,1,19903373312,0.964
ON,Information Technology,11.79,5.69,4.95,22.43,1,30593183744,1.656
ORCL,Information Technology,0.5,7.79,5.6,13.89,2,4.64054E+11,1
ORLY,Consumer Discretionary,0.14,8.15,3.76,12.05,1,65588211712,0.924
OXY,Energy,24.98,9.7,6.97,41.66,2,47697215488,1.605
PANW,Information Technology,0.7,7.62,5.6,13.92,1,1.12694E+11,1.132
PARA,Communication Services,0.11,7.51,7.37,14.99,3,7424509952,1.77
PAYX,Industrials,3.21,7.16,6.36,16.73,1,48633491456,0.993
PCAR,Industrials,8.36,10.99,8.3,27.64,3,51368513536,0.901
PCG,Utilities,9.58,15.38,5.42,30.38,4,52330303488,1.017
PEG,Utilities,12.48,9.28,5.46,27.23,2,42229178368,0.623
PEP,Consumer Staples,7.27,9.63,5.16,22.06,3,2.42943E+11,0.541
PFE,Health Care,2.12,12.85,9.63,24.59,3,1.69038E+11,0.617
PFG,Financials,0.81,5.82,7.56,14.19,1,19411369984,1.192
PG,Consumer Staples,9.6,12.23,6.74,28.57,3,4.13267E+11,0.407
PGR,Financials,1.45,8.5,10.07,20.02,2,1.50497E+11,0.353
PH,Industrials,9.46,13.78,6.24,29.48,2,77822435328,1.431
PHM,Consumer Discretionary,9.19,7.31,4.92,21.42,2,29148821504,1.627
PKG,Materials,13.96,1.06,3.62,18.64,1,19272724480,0.786
PLD,Real Estate,2.74,2.5,5.03,10.27,1,1.19702E+11,1.083
PM,Consumer Staples,3.42,13.54,11.49,28.45,3,1.91598E+11,0.578
PNC,Financials,1.94,13.29,10.83,26.07,3,72141553664,1.128
PNR,Industrials,5.97,10.01,6.07,22.06,1,15541917696,1.191
PNW,Utilities,14.72,10.23,5.84,30.79,1,10374980608,0.516
PPG,Materials,10.98,7.7,6.54,25.21,2,29736417280,1.25
PPL,Utilities,17.08,8.9,5.33,31.32,2,24110428160,0.835
PRU,Financials,0.64,10.01,9.25,19.91,1,42368761856,1.286
PSA,Real Estate,4.74,2.61,5.7,13.05,1,63529824256,0.67
PSX,Energy,20.76,8.82,5.85,35.43,3,53702402048,1.322
PTC,Information Technology,4.92,8.61,5.37,18.9,0,21107718144,1.177
PWR,Industrials,12.15,15.73,9.04,36.91,2,40356634624,1.009
PYPL,Financials,2.83,9.19,5.75,17.77,2,73372622848,1.438
QCOM,Information Technology,5.34,4.5,5.55,15.39,3,1.87932E+11,1.284
QRVO,Information Technology,12.32,8.5,7.7,28.52,0,9529769984,1.457
RCL,Consumer Discretionary,8.15,7.68,4.88,20.71,3,43694575616,2.621
REG,Real Estate,3.72,3.21,4.77,11.71,0,13652682752,1.218
REGN,Health Care,0.34,10.96,6.74,18.04,2,1.27109E+11,0.122
RF,Financials,1.82,6.67,8.36,16.85,2,20617766912,1.188
RJF,Financials,2.35,11.23,13.44,27.02,2,24853202944,1.03
RL,Consumer Discretionary,1.22,7.79,5.62,14.62,2,11238284288,1.502
RMD,Health Care,3.54,12.41,10.43,26.39,1,36993007616,0.691
ROK,Industrials,5.37,6.64,5.65,17.67,2,29864515584,1.363
ROL,Industrials,1.76,10.63,6.92,19.31,1,24893739008,0.697
ROP,Information Technology,4.67,9.67,6.09,20.44,0,59662757888,1.022
ROST,Consumer Discretionary,1.79,10.76,5.68,18.23,2,50816126976,1.092
RSG,Industrials,11.19,6.02,3.7,20.91,3,64497053696,0.707
RVTY,Health Care,0.75,10.1,5.85,16.7,2,15145726976,1.046
SBAC,Real Estate,3.11,3.23,5.23,11.58,0,26340440064,0.664
SBUX,Consumer Discretionary,5.79,14.62,4.27,24.67,3,1.09286E+11,0.96
SCHW,Financials,2.39,8.95,11.94,23.28,2,1.16511E+11,0.964
SHW,Materials,14.31,9.2,5.85,29.35,2,95620767744,1.168
SJM,Consumer Staples,12.89,11.99,5.57,30.45,2,12862360576,0.232
SLB,Energy,8.08,6.29,5.91,20.28,1,58923360256,1.528
SNA,Industrials,9,13.91,7.62,30.53,2,14827014144,0.974
SNPS,Information Technology,3.34,6.93,4.16,14.42,0,77152632832,1.078
SO,Utilities,14.68,11,7.3,32.98,2,98390876160,0.509
SPG,Real Estate,3.83,3.99,6.15,13.98,1,61818773504,1.769
SPGI,Financials,0,6.22,6.82,13.04,1,1.6507E+11,1.177
SRE,Utilities,10.86,7.85,4.88,23.59,2,53152604160,0.759
STLD,Materials,10.56,14.36,8.06,32.98,1,17666150400,1.327
STT,Financials,1.61,12.95,9.52,24.08,1,25887369216,1.495
STX,Information Technology,1.59,3.8,5.26,10.66,1,21484713984,1.058
STZ,Consumer Staples,9.45,10.04,5.18,24.66,2,46082215936,0.873
SWK,Industrials,5,12.51,7.8,25.31,2,15857777664,1.236
SWKS,Information Technology,11.82,8.93,7.21,27.95,1,15532438528,1.204
SYF,Financials,0.13,9.89,7.25,17.28,2,19441215488,1.612
SYK,Health Care,3.99,13.24,11.03,28.26,2,1.41745E+11,0.919
SYY,Consumer Staples,5.42,6.05,4.47,15.95,2,38230503424,1.198
T,Communication Services,3.26,13.94,6.72,23.91,3,1.56168E+11,0.733
TAP,Consumer Staples,7.25,8.61,5.51,21.37,2,11506942976,0.814
TDG,Industrials,12.01,17.71,9,38.72,2,77178421248,1.41
TEL,Information Technology,5.81,4.44,4.55,14.8,0,44913152000,1.325
TER,Information Technology,7.11,4.89,5.03,17.03,0,21165559808,1.492
TFX,Health Care,4.83,16.12,8.67,29.63,2,11376049152,1.156
TGT,Consumer Staples,1.93,7.55,4.86,14.35,3,70409453568,1.238
TJX,Consumer Discretionary,1.89,7.65,4.84,14.38,2,1.34904E+11,0.889
TMO,Health Care,1.44,4.89,6.47,12.81,3,2.34603E+11,0.778
TMUS,Communication Services,4.19,13.38,7.07,24.63,3,2.40183E+11,0.507
TPR,Consumer Discretionary,1.1,8.57,5.18,14.84,2,9963964416,1.552
TRGP,Energy,14.23,14.75,4.24,33.21,2,33304543232,2.252
TRMB,Information Technology,3.76,3.43,5.23,12.41,0,14239768576,1.484
TROW,Financials,2.39,8.95,5.57,16.91,1,24022775808,1.427
TRV,Financials,1.01,9.3,10.02,20.33,1,55218700288,0.629
TSCO,Consumer Discretionary,3.43,8.19,4.47,16.1,2,29852745728,0.799
TSLA,Consumer Discretionary,3.31,14.08,7.85,25.23,3,7.27963E+11,2.29
TSN,Consumer Staples,14.02,12.39,9.51,35.92,4,22008092672,0.777
TT,Industrials,4.39,5.71,5.11,15.2,2,84535984128,1.212
TXN,Information Technology,7.76,5.96,6.93,20.65,2,1.83878E+11,0.976
TXT,Industrials,10.92,16.08,6.61,33.61,2,16617225216,1.231
UAL,Industrials,10.78,12.79,5.04,28.61,2,17309820928,1.434
UDR,Real Estate,3.72,3.91,6.29,13.92,1,17647726592,0.841
UHS,Health Care,3.7,20.68,8.6,32.98,3,15676926976,1.282
ULTA,Consumer Discretionary,4.08,7.25,4.28,15.61,2,18704535552,1.312
UNH,Health Care,0.03,9.67,5.59,15.3,3,5.33699E+11,0.595
UNP,Industrials,7.3,10.55,5.6,23.45,2,1.54462E+11,1.053
UPS,Industrials,4.17,8.91,5.49,18.57,2,1.10421E+11,0.977
URI,Industrials,5.32,6.13,5.42,16.86,1,51007975424,1.681
USB,Financials,1.75,15.5,13.01,30.26,3,69739225088,1.054
V,Financials,1.81,8.22,6.65,16.68,3,5.67341E+11,0.963
VLO,Energy,20.15,7.42,4.99,32.56,2,43507605504,1.381
VMC,Materials,13.42,6.81,9.05,29.28,2,32370546688,0.815
VRSK,Industrials,0.05,12.49,4.98,17.53,1,38368903168,0.863
VRSN,Information Technology,4.74,10.77,5.79,21.3,1,17847136256,0.903
VRTX,Health Care,0.75,15.4,6.57,22.72,2,1.26323E+11,0.406
VTR,Real Estate,3.42,3.89,5.56,12.86,0,26731040768,1.388
VZ,Communication Services,3.74,9.59,5.39,18.73,3,1.85556E+11,0.407
WAB,Industrials,5.36,11.99,5.98,23.33,2,30504617984,1.273
WAT,Health Care,1.35,8.19,5.09,14.62,0,19528284160,0.955
WBA,Consumer Staples,1.79,9.29,5.18,16.25,3,7821272064,0.683
WDC,Information Technology,1.48,3.91,6.05,11.43,2,22630051840,1.38
WEC,Utilities,13.36,8.96,5.13,27.46,1,30387875840,0.435
WELL,Real Estate,4.24,3.49,5.5,13.23,1,78689722368,1.201
WFC,Financials,2.05,14.75,19.43,36.24,5,1.8554E+11,1.161
WM,Industrials,8.09,5.24,3.32,16.65,2,83601956864,0.753
WMB,Energy,8.72,10.13,2.96,21.82,2,55497883648,1.079
WMT,Consumer Staples,5.86,12.36,7.05,25.26,3,6.31806E+11,0.515
WRB,Financials,1.97,7.95,11.91,21.83,1,22357321728,0.623
WTW,Financials,0.07,7.83,10.76,18.66,2,29749815296,0.745
WY,Real Estate,9.05,4.18,3.45,16.68,2,24183224320,1.418
WYNN,Consumer Discretionary,3.37,11.75,10.58,25.7,2,8879360000,1.799
XEL,Utilities,12.7,9.26,4.49,26.45,2,35992227840,0.397
XOM,Energy,23.11,10.01,8.48,41.6,3,5.07282E+11,0.878
XYL,Industrials,4.27,8.66,5.19,18.13,1,32338771968,1.037
YUM,Consumer Discretionary,4.53,11.45,4.12,20.1,2,37833572352,1.081
ZBH,Health Care,3.6,14.52,7.89,26.02,2,21635987456,1.026
ZTS,Health Care,3.24,6.81,8.72,18.77,2,88666619904,0.883
