Symbol,GICS Sector,environmentScore,socialScore,governanceScore,totalEsg,highestControversy,marketCap,beta,avg_return,volatility,momentum_6m,volatility_norm,totalEsg_norm,risk_score,risk_class
A,Health Care,1.12,6.42,6.1,13.64,2.0,39751831552,1.054,2.5052834415421212e-05,0.0168172675054836,-0.047453981843423296,0.29818155758611625,0.18970503181029502,0.5030269218275517,High
AAL,Industrials,9.94,11.65,4.76,26.35,2.0,7335383552,1.433,-0.0001378936611132055,0.024406230738876416,-0.16640501755464426,0.5582554296222699,0.5572585309427416,0.5120498453962653,High
AAPL,Information Technology,0.46,7.39,9.37,17.22,3.0,3296096681984,1.24,0.0015451656042396679,0.013728929563801655,0.8309746586613026,0.1923441748043444,0.2932330827067669,0.3981132717998999,Medium
ABBV,Health Care,2.38,17.19,10.36,29.93,3.0,341698445312,0.619,0.0005342954549546872,0.012551017499635948,0.20895425332859208,0.15197711252926266,0.6607865818392135,0.22687163478187222,Low
ABT,Health Care,2.27,14.24,8.33,24.83,3.0,205534380032,0.722,0.00015367141302309126,0.012223333784868513,0.03367398020033614,0.14074738721872676,0.5133024869866974,0.2791274375365571,Low
ACGL,Financials,1.47,10.1,10.89,22.46,2.0,42855567360,0.596,0.0015338077594185182,0.014771714884660754,0.8105987511294155,0.22808044176963344,0.4447657605552343,0.3589419608396863,Medium
ACN,Information Technology,0.82,4.61,4.41,9.84,2.0,211116474368,1.239,0.0006673163417335576,0.014351083690286846,0.26526307944552097,0.21366540508337628,0.07981492192018508,0.49627327428195167,Medium
ADBE,Information Technology,1.94,5.99,5.15,13.08,2.0,231233028096,1.296,0.0015047514986958877,0.021184154513823047,0.7048852850878087,0.4478348340713509,0.1735106998264893,0.5992966205122148,High
ADI,Information Technology,9.27,6.68,6.98,22.92,1.0,111884697600,1.073,0.0010483811104577247,0.01818566733827554,0.44561403970178265,0.3450766382529808,0.45806824754193187,0.42381868393501576,Medium
ADM,Consumer Staples,16.64,10.15,5.01,31.79,3.0,28908466176,0.714,-0.0007392110868993432,0.018459000942934387,-0.3196876671456491,0.3544437845593998,0.7145748987854251,0.32683631122146983,Medium
ADP,Industrials,2.8,5.54,5.49,13.82,1.0,113942003712,0.802,0.0004285637641277198,0.011838942311001436,0.16094420352859024,0.1275742862414539,0.19491035280508967,0.3985804306228365,Medium
ADSK,Information Technology,3.68,8.19,4.89,16.76,0.0,57698152448,1.476,0.0009786161451996538,0.018828091539297463,0.3956251818239505,0.367092524258902,0.27993059572006945,0.5082832762673134,High
AEE,Utilities,12.85,9.07,5.25,27.17,2.0,22804828160,0.458,-8.642374815005338e-05,0.012736825085582486,-0.06757821077976828,0.15834474099769075,0.5809716599190284,0.26261818063100306,Low
AEP,Utilities,12.66,8.1,5.38,26.14,2.0,55846035456,0.533,0.00021380794691489054,0.012732544413909953,0.057025359714240546,0.15819804232192275,0.5511856564488143,0.27444456281362795,Low
AES,Utilities,13.26,8.18,5.26,26.69,2.0,13678178304,1.062,-0.0009451495072264335,0.02195590466880894,-0.3906083675267354,0.47428272225830553,0.5670908039329092,0.45773331178181964,Medium
AFL,Financials,0.3,9.14,8.9,18.33,1.0,61698056192,0.949,0.0011219817067283455,0.012876001264042949,0.5417714136250878,0.16311431050464764,0.32533256217466744,0.36773556143292163,Medium
AIG,Financials,1.65,9.67,12.86,24.18,2.0,47394791424,1.075,0.0005988053274399297,0.015034952956492657,0.2243763336740475,0.2371016140303464,0.4945054945054945,0.34445877061601005,Medium
AIZ,Financials,1.63,10.82,11.66,24.11,2.0,10138020864,0.563,0.0011533774440917214,0.015239400050406167,0.5421772429637979,0.24410801868739657,0.49248120300751885,0.3494723300094304,Medium
AJG,Financials,0.09,10.92,10.15,21.16,2.0,65631498240,0.729,0.001134496251119895,0.011282789868453508,0.5623732559360852,0.10851493455829397,0.40717177559282824,0.3022402504978451,Medium
AKAM,Information Technology,3.0,7.09,6.93,17.01,1.0,15044968448,0.676,0.000565910332949773,0.016192596870947196,0.19854060109248403,0.27677408654233676,0.28716020821283983,0.45120036864026614,Medium
ALB,Materials,15.39,4.85,6.33,26.57,2.0,10556814336,1.543,-0.0015384400611895023,0.03257373064815024,-0.5792540792540792,0.8381557613188471,0.5636205899363794,0.6774452208167565,High
ALL,Financials,1.03,10.13,10.88,22.04,2.0,50315587584,0.477,0.0008967545456056245,0.01548237573521519,0.38255522741356496,0.2524347986724233,0.43262001156737995,0.37841287457650197,Medium
ALLE,Industrials,10.9,5.84,5.04,21.78,0.0,12491554816,1.123,0.0007279951439098549,0.015420905110693816,0.28913649277644354,0.25032819954365043,0.4251012145748988,0.38015643389623077,Medium
AMAT,Information Technology,4.49,2.97,5.28,12.74,1.0,155474345984,1.541,0.001989898427769121,0.023678300302129193,1.0392844790767435,0.533309243768477,0.1636784268363216,0.6545141755265576,High
AME,Industrials,8.65,8.51,6.73,23.9,1.0,39030026240,1.173,0.0005492519386522714,0.012421519355051022,0.21726443104926757,0.14753920937333415,0.4864083285135916,0.29396019421856384,Low
AMGN,Health Care,0.73,13.48,7.75,21.96,3.0,178823086080,0.605,0.0006892654000235621,0.01458110344116233,0.2758646832009389,0.22154818503831802,0.43030653556969356,0.3608062967951134,Medium
AMP,Financials,2.08,7.83,10.34,20.27,2.0,44403879936,1.346,0.0009911368316746414,0.014476665447777256,0.4467263154037736,0.21796909360092293,0.3814343551185656,0.37820771411312754,Medium
AMT,Real Estate,2.9,2.85,5.16,10.9,1.0,112249135104,0.83,0.0002326359266768116,0.01617191896091362,0.04374155433801457,0.2760654542874876,0.11046847888953154,0.5214518810166799,High
AMZN,Consumer Discretionary,6.0,15.39,9.22,30.61,3.0,1961417768960,1.146,0.001947657464572456,0.01953194645831132,1.0799347545414322,0.39121364179629575,0.6804511278195489,0.3625477339499579,Medium
ANET,Information Technology,0.4,8.88,7.39,16.67,1.0,113393524736,1.073,0.0029561896339240982,0.027807713683788315,1.9226697062250961,0.6748242958747264,0.27732793522267213,0.693963403435767,High
ANSS,Information Technology,3.51,7.32,5.07,15.89,0.0,27723399168,1.114,0.0008751884203753159,0.01821418895572561,0.34688239293415246,0.3460540744664459,0.25477154424522847,0.5057238269817762,High
AOS,Industrials,7.15,11.87,6.42,25.44,1.0,11915595776,1.147,0.0009796056084663365,0.01663740372711547,0.4209097729542876,0.2920176234833101,0.5309427414690573,0.36283347750236317,Medium
APA,Energy,21.98,8.88,7.96,38.81,2.0,9340100608,3.243,-0.0007702000232146118,0.022402531077670575,-0.34685922813508085,0.48958861529454284,0.9175824175824177,0.32672020214375863,Medium
APD,Materials,7.42,1.5,3.35,12.26,1.0,64722276352,0.828,-7.715360893951292e-05,0.01703654169768151,-0.09041980806487482,0.30569608710071167,0.14979757085020245,0.5234986239203461,High
APH,Information Technology,7.32,4.64,7.6,19.57,2.0,77062520832,1.246,0.0014562276585976246,0.013521663441699689,0.7657066911286621,0.1852411620133762,0.36119144013880855,0.3666681211525023,Medium
APTV,Consumer Discretionary,1.45,3.94,5.26,10.66,1.0,16498891776,1.793,-0.0003926077649332872,0.021695310969730635,-0.2304464644670481,0.46535217268740986,0.10352805089647199,0.6378000832538571,High
ARE,Real Estate,3.91,3.66,6.32,13.89,0.0,21814970368,1.173,-0.00024643596581380137,0.020131971124209846,-0.1702865922669673,0.41177649516350895,0.1969346443030654,0.5682920393768792,High
ATO,Utilities,14.83,13.42,6.36,34.61,2.0,21445437440,0.67,0.00044789695746693477,0.010932005585208971,0.17571950612567658,0.09649355245547847,0.7961249277038751,0.13944616039173705,Low
AVB,Real Estate,2.96,2.05,4.75,9.76,1.0,33116518400,0.986,0.0008886433828990282,0.01310215445272261,0.39770895187330674,0.17086458332115556,0.07750144592249858,0.47151817162369397,Medium
AVGO,Information Technology,7.34,6.0,6.64,19.98,3.0,758829154304,1.183,0.0028890107445369083,0.024622088185851043,1.9417505344559904,0.5656528672321279,0.373048004626952,0.590172518488496,High
AVY,Materials,11.42,0.95,3.71,16.07,1.0,17797928960,0.895,0.0005412470008205678,0.012833249987862458,0.21090550719751566,0.16164922369518414,0.25997686524002317,0.39299878812110123,Medium
AWK,Utilities,9.04,7.58,5.0,21.62,1.0,29209964544,0.691,-8.854127226841531e-05,0.013350110713298604,-0.0712525019561153,0.17936204770467634,0.4204742625795258,0.3394275235909955,Medium
AXP,Financials,0.05,8.85,9.7,18.61,2.0,188676046848,1.212,0.0014763376271137816,0.015710742925999138,0.7580886519909028,0.2602609453708106,0.33342972816657024,0.4227846759558582,Medium
AZO,Consumer Discretionary,0.11,7.07,3.83,11.02,2.0,52974329856,0.709,0.0007337282622147869,0.013303157280821582,0.3086801246321662,0.17775295294243598,0.11393869288606129,0.4610762946110371,Medium
BA,Industrials,8.84,22.48,8.29,39.6,4.0,96371113984,1.575,-9.548964089924564e-05,0.019264933621476195,-0.11080400206824183,0.3820631082881735,0.940427993059572,0.25306666774907527,Low
BAC,Financials,1.73,15.09,11.48,28.3,3.0,306891390976,1.34,0.0005928494737393388,0.015754498915497968,0.21605496989280484,0.2617604637192012,0.6136495083863506,0.3115964748769805,Medium
BALL,Materials,7.6,0.76,3.74,12.1,2.0,20405639168,0.878,0.0006555305934934358,0.01823131578322413,0.2278237420527754,0.3466410110750772,0.1451706188548294,0.5499163591031146,High
BAX,Health Care,2.83,13.6,7.14,23.57,3.0,20539770880,0.593,-0.0005215447189916656,0.01926350785704893,-0.25666148224603763,0.38201424732208283,0.4768652400231348,0.4384624523839958,Medium
BBWI,Consumer Discretionary,12.17,10.25,5.88,28.3,2.0,6389305856,1.753,-0.0004812426135882586,0.02581015148793507,-0.28779807346741487,0.6063678125671463,0.6136495083863506,0.5183608841857476,High
BBY,Consumer Discretionary,2.4,9.09,4.4,15.89,2.0,21360842752,1.479,0.0007131520147421848,0.019243435555767113,0.24860088239480052,0.3813263692872983,0.25477154424522847,0.5268872038742876,High
BDX,Health Care,3.04,13.65,7.13,23.82,3.0,67647401984,0.447,-6.0087986865024455e-05,0.011993705393775804,-0.05375122729080198,0.13287801916880226,0.4840948525159052,0.28608887049491927,Low
BEN,Financials,1.12,9.88,7.3,18.3,2.0,10643009536,1.408,-0.0005323332999747266,0.01832587983686276,-0.2536873471685966,0.3498817224646142,0.32446500867553507,0.4801430300085545,Medium
BG,Consumer Staples,14.39,13.26,5.27,32.92,3.0,13837887488,0.637,0.000286364294451725,0.017108635644042264,0.06079311056970096,0.3081667476117425,0.7472527472527474,0.2859989496659466,Low
BIIB,Health Care,0.42,14.46,7.37,22.24,3.0,29071065088,-0.057,-0.0005704307762572485,0.015187615546493737,-0.24894549081327214,0.24233336304211478,0.43840370156159625,0.3700385372006304,Medium
BIO,Health Care,1.21,9.18,7.0,17.4,1.0,9264203776,0.947,-0.00031243498505914737,0.0211214275638644,-0.20147713663145414,0.44568518065295243,0.2984384037015616,0.5480357469111468,High
BK,Financials,1.13,9.86,9.94,20.93,2.0,52254806016,1.067,0.0010237011232958333,0.01368090396163884,0.47343417591456133,0.19069833677255738,0.40052053209947946,0.3542107892237426,Medium
BKNG,Consumer Discretionary,0.98,10.13,8.13,19.23,3.0,135520034816,1.4,0.001707658387357211,0.016545696198884793,0.9236348879351729,0.2888748052579075,0.3513591671486409,0.43278121629528815,Medium
BLK,Financials,0.9,7.36,9.99,18.25,2.0,133984739328,1.317,0.0006510214012068094,0.01301428397092754,0.2665159617259053,0.16785326072868734,0.32301908617698094,0.37150432196642,Medium
BMY,Health Care,1.31,14.37,7.07,22.74,2.0,100336025600,0.458,-0.0007789394655755033,0.014615737402834433,-0.30874620417572607,0.22273509137044795,0.452862926547137,0.35249588420341393,Medium
BR,Industrials,4.19,7.5,4.94,16.63,2.0,24700252160,1.059,0.001175876747034148,0.012329913769619076,0.5818965849613837,0.1443998847290146,0.27617119722382877,0.37617145194787727,Medium
BRO,Financials,0.13,9.77,10.58,20.48,1.0,29438932992,0.829,0.001557010556679602,0.012115000676652193,0.8557810136226099,0.13703481014369806,0.38750722961249284,0.32721799424122167,Medium
BSX,Health Care,2.36,11.85,8.89,23.11,2.0,122978729984,0.797,0.001451632469024206,0.01194669142556321,0.777657115828424,0.13126684984609,0.46356275303643724,0.2933350086930791,Low
BWA,Consumer Discretionary,2.67,4.21,5.71,12.59,2.0,7493600256,1.182,0.00010290714096279586,0.019819376055310076,-0.03889944911763263,0.4010638579497133,0.15934065934065933,0.5769020510335643,High
BX,Financials,2.52,9.57,11.29,23.39,2.0,188779577344,1.5,0.0017100949404675924,0.02040770498646173,0.8699593556593764,0.42122589832991103,0.47165991902834015,0.46407157138661054,Medium
BXP,Real Estate,2.54,4.52,5.45,12.51,1.0,14431182848,1.199,0.0005909608073529443,0.024608875442921715,0.12909033502797806,0.5652000663543049,0.15702718334297283,0.6763091664753937,High
C,Financials,1.8,13.75,13.69,29.24,4.0,113113464832,1.435,0.000878902053524976,0.015913092762588822,0.3682831162061141,0.26719547699117724,0.6408328513591671,0.3039841456510395,Medium
CAG,Consumer Staples,10.71,15.42,4.7,30.83,2.0,15617014784,0.309,-0.0004471336938568003,0.012471527313348805,-0.19649757167956308,0.14925298277651772,0.6868131868131868,0.2148265149406359,Low
CAH,Health Care,1.17,7.33,6.36,14.86,3.0,27622834176,0.616,0.0010109816810467346,0.013297868048542045,0.4690472603832794,0.17757169088110658,0.22498554077501448,0.41654879821865815,Medium
CAT,Industrials,10.43,17.69,8.06,36.17,4.0,171503566848,1.089,0.001103041569237675,0.017072123349843114,0.4907066260242577,0.30691547079865794,0.8412377096587624,0.2476541986156898,Low
CB,Financials,1.46,11.54,10.61,23.6,2.0,117455929344,0.674,0.0006781259368318082,0.012049369334714682,0.28722193765536913,0.13478562317313658,0.4777327935222673,0.2897782564949751,Low
CBOE,Financials,2.73,7.58,10.64,20.95,1.0,22355052544,0.673,0.0012380944111336789,0.012016882299943006,0.6259003476559168,0.133672292054748,0.4010989010989011,0.31976381479328836,Medium
CBRE,Real Estate,1.46,1.89,4.64,7.98,1.0,36618518528,1.4,0.0010760079749688885,0.017715504713349504,0.46787348044330634,0.32896415877579016,0.02602660497397341,0.5869678532758847,High
CCI,Real Estate,4.08,1.67,4.35,10.1,0.0,52256673792,0.861,-0.0003749581609064155,0.016184614181517634,-0.19008026447538492,0.27650051966826455,0.08733371891266628,0.5309668242358923,High
CCL,Consumer Discretionary,9.4,10.13,4.96,24.49,3.0,23359668224,2.693,0.0021933786434617975,0.030082742833654794,1.0702635425794953,0.7527895754266702,0.5034702139965298,0.6502856596573903,High
CDNS,Information Technology,2.33,4.88,4.81,12.02,0.0,75243003904,1.02,0.00142601285312573,0.01877790153001109,0.6846028169881058,0.365372511965892,0.14285714285714285,0.5620806500366781,High
CDW,Information Technology,2.48,3.21,3.52,9.21,0.0,29830193152,1.033,0.0006712443959279232,0.015462012477980513,0.2569773622329191,0.2517369495732225,0.06159629843840375,0.5264036503685721,High
CE,Materials,14.7,5.86,5.57,26.13,2.0,13741040640,1.294,0.0007586826732513677,0.01859807711148991,0.27701193302395505,0.3592099267255699,0.5508964719491035,0.39516736725570056,Medium
CF,Materials,16.19,7.73,5.42,29.33,1.0,14698166272,0.946,0.00021072336126997323,0.018888225504120254,0.013910914363650752,0.36915331604183405,0.6434355118565644,0.36411778488247465,Medium
CFG,Financials,1.96,10.15,11.43,23.54,2.0,18201001984,1.328,0.0004748131586687311,0.02323811781736471,0.08904630828390515,0.5182241840976827,0.4759976865240023,0.5205354358490086,High
CHD,Consumer Staples,6.89,6.31,6.66,19.86,1.0,25759404032,0.54,0.0005820529129889669,0.011133457521854108,0.2421360817262411,0.10339731303267385,0.3695777906304222,0.31420727156743544,Medium
CHRW,Industrials,4.73,9.29,5.3,19.32,1.0,11764709376,0.825,0.0005003735101944909,0.018701129631438218,0.14654412423372262,0.3627415379696604,0.35396182764603823,0.476060191723381,Medium
CHTR,Communication Services,6.05,10.72,7.95,24.72,2.0,49012998144,1.051,0.00029744515014764033,0.02258460722920134,0.017448393368899355,0.49582836745537623,0.5101214574898786,0.4934484374772743,Medium
CI,Health Care,0.02,5.99,5.65,11.65,2.0,102552567808,0.509,0.000422571038457825,0.016857297181394646,0.1254509928891995,0.2995533751177561,0.13215731636784273,0.5268690985235166,High
CINF,Financials,1.76,10.97,12.88,25.61,1.0,21433022464,0.671,0.0007769881473063062,0.015288059980506492,0.3174694352935151,0.24577559514613007,0.5358588779641411,0.33312180590202156,Medium
CL,Consumer Staples,8.32,11.31,6.54,26.17,2.0,86145523712,0.399,0.0007592040263867519,0.009654686227654,0.3458865625753551,0.05271980089949191,0.5520532099479468,0.21081059656051643,Low
CLX,Consumer Staples,7.72,8.59,5.31,21.63,2.0,20554795008,0.393,0.00036723925178439883,0.015015623031689787,0.11282162007244118,0.23643917724747615,0.4207634470792365,0.37355812751679107,Medium
CMCSA,Communication Services,3.96,10.9,8.23,23.09,2.0,152111792128,1.01,0.00036179330329208617,0.014609956974932172,0.11245431639916598,0.22253699602852411,0.4629843840370156,0.3483284440023082,Medium
CME,Financials,2.13,6.48,9.19,17.8,1.0,78691844096,0.561,0.0006491461315577354,0.011227056155235147,0.2769458975442066,0.10660493945700378,0.3100057836899942,0.33996065019820454,Medium
CMG,Consumer Discretionary,6.79,9.59,4.27,20.66,2.0,80114573312,1.256,0.0018663863960952049,0.017329573436472387,1.0450286353386649,0.3157382887286618,0.3927125506072875,0.43235795299428204,Medium
CMI,Industrials,5.62,7.74,5.94,19.3,2.0,41332305920,0.975,0.0007422480765180992,0.01528169038200894,0.29791741958828744,0.24555730891998467,0.3533834586466166,0.4059810018933442,Medium
CMS,Utilities,9.61,6.84,5.24,21.7,2.0,21054464000,0.403,0.00022105670865153174,0.011882631517038472,0.06480466181987218,0.12907151591971094,0.4227877385772123,0.3083278141209417,Medium
CNC,Health Care,0.09,13.28,6.51,19.89,2.0,40278089728,0.484,0.00010658476666164015,0.016396239076368942,-0.011412039843160157,0.28375290765995315,0.37044534412955465,0.4220736069441501,Medium
CNP,Utilities,12.92,10.67,5.14,28.73,2.0,18456739840,0.913,-0.0001101551240805906,0.012680931611489614,-0.0764546775951637,0.1564292708890832,0.6260844418739155,0.24342378578388368,Low
COF,Financials,0.13,12.28,10.09,22.5,3.0,55399669760,1.447,0.001271914488943873,0.01872993534580908,0.5804021807742215,0.3637287101884205,0.4459224985540775,0.43986822669142134,Medium
COO,Health Care,2.7,8.8,5.96,17.47,2.0,22152052736,0.981,0.000697352440439035,0.01575613046156903,0.2712517215902972,0.2618163768249914,0.3004626951995373,0.43690474801518,Medium
COP,Energy,17.57,8.07,8.28,33.91,2.0,125751771136,1.228,0.00014085807678724299,0.015964488661838562,0.005922897389299635,0.2689568151494442,0.7758820127241179,0.25102128400001933,Low
COR,Health Care,1.57,5.53,5.65,12.75,3.0,47284768768,0.441,0.0009602129156657191,0.010520855936918025,0.4582142377166929,0.08240344848095649,0.16396761133603238,0.38385502455416093,Medium
COST,Consumer Staples,6.52,11.22,5.55,23.29,3.0,402490195968,0.788,0.001699311887503542,0.012142994249873968,0.9687169239455334,0.13799415027436035,0.4687680740312319,0.29528926055212346,Low
CPB,Consumer Staples,10.87,8.15,4.47,23.5,2.0,15393454080,0.175,-0.00020254027987175185,0.013496561941648274,-0.11530248139266043,0.18438093326914384,0.4748409485251591,0.3206921805514227,Medium
CPRT,Industrials,1.48,8.96,5.59,16.03,1.0,48807755776,1.271,0.0013908824354884348,0.013066247182001533,0.7233973274774275,0.16963404067079857,0.2588201272411799,0.39825237350600723,Medium
CPT,Real Estate,4.0,3.93,8.17,16.09,1.0,13321857024,0.916,0.00040193688644271674,0.01460533798182841,0.13118898268007517,0.22237870307275936,0.26055523423944477,0.4292051281478777,Medium
CRM,Information Technology,2.01,7.48,5.39,14.88,1.0,243961643008,1.297,0.0017307310353649255,0.02076185998376792,0.8763911276673165,0.4333627948489361,0.22556390977443613,0.5697921129995871,High
CSCO,Information Technology,0.45,6.9,6.51,13.87,2.0,201970843648,0.819,0.00020579601810745256,0.012538695369373017,0.05423450903834232,0.1515548329594904,0.1963562753036437,0.4123903896542368,Medium
CSGP,Real Estate,4.86,9.34,7.71,21.91,1.0,31924740096,0.816,0.0001420500724828158,0.017532767135784062,-0.004507385283237213,0.32270173953585607,0.42886061307113943,0.4220767984930579,Medium
CSX,Industrials,7.04,10.03,4.84,21.91,2.0,66052870144,1.189,0.00032478569528001977,0.012257177521820251,0.10977983773082826,0.1419072125390659,0.42886061307113943,0.31360008229498376,Medium
CTAS,Industrials,3.03,9.17,5.88,18.08,2.0,82610397184,1.312,0.0014688405537443992,0.011680898583273496,0.7931802771302557,0.12215812556744088,0.318102949681897,0.34605369546770576,Medium
CTRA,Energy,20.26,8.34,7.47,36.07,2.0,17010694144,0.199,0.0002504135057470714,0.016587483755650237,0.04825510053478065,0.29030686539006084,0.8383458646616542,0.23884577336937485,Low
CTSH,Information Technology,1.11,7.64,5.91,14.66,2.0,38596894720,1.05,0.0008188412654604298,0.014076373637906496,0.35040799508613474,0.20425108789503604,0.21920185078079818,0.4348699124247023,Medium
CVS,Health Care,0.03,15.76,6.17,21.97,3.0,73428492288,0.528,-0.0009976734381585738,0.017798362853959467,-0.38391992872334313,0.3318037083684577,0.4305957200694043,0.4268439369933129,Medium
CVX,Energy,17.01,9.18,10.42,36.6,3.0,260253302784,1.08,-0.0002971421312127853,0.01351836564424975,-0.14966381816652663,0.18512814645043046,0.8536726431463275,0.1696078306117273,Low
D,Utilities,11.94,8.84,5.62,26.4,2.0,49103040512,0.602,-0.00017208517023437357,0.01508288204238982,-0.11227567981211602,0.23874414444841202,0.5587044534412955,0.31976470529252904,Medium
DAL,Industrials,9.88,14.57,5.8,30.26,2.0,30128158720,1.349,0.000822564822656613,0.01939547309474346,0.302974574768299,0.38653669779204564,0.6703296703296704,0.3637901505433592,Medium
DD,Materials,14.66,7.99,5.94,28.6,3.0,34593636352,1.325,0.0006153990358113937,0.01611941021231909,0.22349693948935132,0.2742659787672132,0.622325043377675,0.31562956990925795,Medium
DE,Industrials,2.67,10.79,6.49,19.95,2.0,108859965440,0.929,-9.977649528445413e-05,0.01604148091017853,-0.09085770943028317,0.2715953405351566,0.3721804511278195,0.41408502386996615,Medium
DFS,Financials,0.13,11.87,10.51,22.5,2.0,34542485504,1.41,0.0010922651040782623,0.021454183833367207,0.4301475386018348,0.45708874248246606,0.4459224985540775,0.49588424606784864,Medium
DG,Consumer Staples,3.5,8.56,5.53,17.59,2.0,18914889728,0.444,-0.0022155686749058723,0.026540920108890347,-0.6637078436681654,0.6314112630319064,0.3039329091960671,0.6572735941407171,High
DGX,Health Care,0.13,13.07,8.0,21.21,3.0,17405513728,0.889,9.237145657972563e-05,0.012173252207180598,0.007703645858179762,0.1390310908780536,0.4086176980913824,0.3199715752902792,Medium
DHI,Consumer Discretionary,8.71,6.66,5.66,21.03,2.0,63652651008,1.728,0.001948974739032475,0.019510230663815326,1.0816055786455707,0.39046944122696586,0.4034123770965877,0.4729167138975444,Medium
DHR,Health Care,1.35,5.16,5.35,11.86,2.0,199352418304,0.861,0.00046381137613750933,0.014936636722967776,0.15827840433409188,0.23373231538566247,0.1382301908617698,0.4849473128866896,Medium
DIS,Communication Services,0.04,8.96,6.71,15.7,2.0,168409972736,1.398,0.0001817105064068413,0.016991410915590227,0.015847993856009147,0.3041494545916948,0.24927703875072293,0.48277885725472774,Medium
DLR,Real Estate,2.8,2.81,7.0,12.61,0.0,53710041088,0.619,0.0011044788346406837,0.01863218300560187,0.4743751620216866,0.3603787361753143,0.15991902834008098,0.5522596303691562,High
DLTR,Consumer Staples,3.29,12.78,4.02,20.08,2.0,15801912320,0.872,-0.0010107695076013795,0.01988728217724189,-0.3976186997522541,0.40339100166126224,0.37593984962406013,0.4916586611471333,Medium
DOV,Industrials,7.98,12.48,5.42,25.88,1.0,25890215936,1.218,0.0008640774967020778,0.013907690899400303,0.3772857680591888,0.19847032817861893,0.5436668594563331,0.3016154531246381,Medium
DPZ,Consumer Discretionary,10.65,12.2,6.34,29.19,2.0,14424346624,0.858,0.0006538617377930528,0.01860805112052687,0.22088603433292864,0.35955173614935937,0.6393869288606131,0.35997627014537037,Medium
DRI,Consumer Discretionary,7.92,15.0,4.55,27.47,2.0,19135490048,1.303,0.00036752849742833127,0.012210655419414015,0.12996560667365936,0.1403128994641502,0.5896471949103528,0.24832886171434904,Low
DTE,Utilities,15.03,10.04,4.73,29.8,2.0,26159034368,0.676,0.00021554062619562182,0.01218948942881215,0.060750008447615654,0.13958754068166385,0.6570271833429728,0.2209416510718092,Low
DUK,Utilities,11.52,10.68,4.81,27.01,2.0,90888200192,0.457,0.00028469340046827766,0.010843748624675003,0.09884281872366772,0.09346898523143232,0.5763447079236553,0.22554350796939726,Low
DVA,Health Care,0.07,14.08,8.42,22.56,2.0,13859445760,0.863,0.0019054623972513084,0.02100313140153416,1.0165687540598698,0.44163116957949405,0.44765760555234235,0.4859156595267595,Medium
DVN,Energy,17.67,8.56,7.53,33.76,2.0,25336051712,2.069,-0.00044343194524980035,0.018987602147145358,-0.22952512728401872,0.37255895493434704,0.7715442452284558,0.3149176748692259,Medium
DXCM,Health Care,5.35,10.62,8.08,24.05,1.0,28086915072,1.183,-0.0006222163083196118,0.03187998738775058,-0.3956245593215166,0.8143811704581054,0.4907460960092539,0.6923302638711617,High
EA,Communication Services,0.13,8.42,4.73,13.29,2.0,38710616064,0.791,0.0005844160173744811,0.012243044438048455,0.2363192471601942,0.141422871568198,0.17958357432041644,0.4130202932127523,Medium
EBAY,Consumer Discretionary,2.74,7.65,7.21,17.6,2.0,31726319616,1.312,0.000950490284735583,0.016695482604000358,0.40213514435664643,0.2940079873749811,0.304222093695778,0.45471595494667744,Medium
ECL,Materials,8.54,6.05,5.27,19.86,2.0,72044814336,1.136,0.0013848952969288586,0.012994625803739912,0.719855859852574,0.1671795750748784,0.3695777906304222,0.3524766287927582,Medium
ED,Utilities,6.86,10.86,6.08,23.81,3.0,36293570560,0.348,0.00020247610395073858,0.011091457520838618,0.06056803772949032,0.10195797243321525,0.4838056680161943,0.26765251625345143,Low
EFX,Industrials,0.08,16.3,6.78,23.16,3.0,37629485056,1.583,0.001215807559861418,0.018203114679590696,0.5487368698699431,0.3456745588744173,0.46500867553499137,0.42140126511065384,Medium
EG,Financials,1.39,6.67,9.91,17.96,1.0,16770212864,0.615,0.0005176609461945838,0.015936107211956835,0.1765552357354262,0.2679841824804307,0.3146327356853673,0.43493741521411156,Medium
EIX,Utilities,10.98,11.42,5.11,27.51,3.0,33307713536,0.921,0.0008122498407931992,0.013102379479717347,0.35392035519651033,0.17087229499929052,0.5908039329091961,0.26620180383589587,Low
EL,Consumer Staples,6.95,11.05,7.48,25.48,2.0,30537748480,0.997,-0.0021112677852858676,0.025274133220026095,-0.6390059377727949,0.5879984593195517,0.5320994794679006,0.5399592838045708,High
ELV,Health Care,0.07,6.03,5.29,11.38,2.0,128348798976,0.832,0.0003477127053458,0.01411835006802828,0.10890083853454849,0.2056896207196504,0.1243493348756507,0.47367403848153,Medium
EMN,Materials,12.84,5.85,6.59,25.27,2.0,12378979328,1.45,0.0006589005646458965,0.0161763736758135,0.2464386481191774,0.2762181174269966,0.5260266049739734,0.3553202284666086,Medium
EMR,Industrials,8.77,13.05,6.55,28.36,1.0,59430801408,1.293,0.0003359273227996822,0.01516744328443765,0.09655601623518635,0.24164205935025201,0.6153846153846154,0.29883138945630505,Low
EOG,Energy,20.16,6.67,7.33,34.16,1.0,70045835264,1.288,0.00022202460830528516,0.0166951724636147,0.03511458805253328,0.293997358859795,0.7831116252168883,0.2631537652291217,Low
EQIX,Real Estate,3.44,5.31,5.13,13.88,1.0,83225911296,0.7,0.0006802493509668044,0.016023363309566545,0.2593922703850657,0.2709744501186066,0.19664545980335457,0.48392648614982214,Medium
EQR,Real Estate,2.98,2.87,6.05,11.91,1.0,30392528896,0.91,0.000667235988199986,0.013363164394297702,0.27260362099310104,0.17980939752801217,0.13967611336032393,0.4520151931726778,Medium
EQT,Energy,17.66,10.08,7.95,35.69,1.0,19929661440,1.062,0.00036544581381336104,0.02205634630536794,0.053111208136933964,0.4777248584935431,0.8273568536726432,0.3556921736270686,Medium
ES,Utilities,4.67,8.56,5.39,18.62,2.0,24445104128,0.618,-0.0004091418582205672,0.015503935106552139,-0.19817148182732966,0.25317363861798975,0.3337189126662812,0.4184166181042814,Medium
ESS,Real Estate,3.46,2.84,6.13,12.44,1.0,20950151168,0.895,0.0009661887393405345,0.01493491537469191,0.42818613426579183,0.2336733247571064,0.1550028918449971,0.478202838116265,Medium
ETN,Industrials,5.46,6.76,5.72,17.94,1.0,124099715072,1.007,0.001747851877181721,0.01734185895799464,0.9456734876436212,0.31615931371639877,0.31405436668594566,0.46407384155546105,Medium
ETR,Utilities,14.04,7.3,5.32,26.67,2.0,27601307648,0.723,0.00032017516106181944,0.012555449658266389,0.10592875908485576,0.1521290026651148,0.5665124349334877,0.26467242762567383,Low
EW,Health Care,2.86,8.08,7.63,18.57,1.0,40499355648,1.132,0.0001613798944840163,0.023370444588731495,-0.0580314764158013,0.5227590243314544,0.33227299016772704,0.5807462185317818,High
EXC,Utilities,7.38,9.05,6.44,22.86,3.0,40450048000,0.601,-0.00021740539324267168,0.012793349800700855,-0.11746987286257411,0.16028184374472865,0.4563331405436669,0.31363585002937044,Medium
EXPD,Industrials,4.15,7.56,4.84,16.56,2.0,17457532928,0.958,0.0004843585589235764,0.013884437897616092,0.175557246293025,0.19767344749485527,0.2741469057258531,0.4089453062065719,Medium
EXPE,Consumer Discretionary,4.27,13.31,10.08,27.65,2.0,17677033472,1.793,0.0014681542883826502,0.026655855532226002,0.5863366315440135,0.6353501015348377,0.5948525159051474,0.5432690545588437,High
EXR,Real Estate,4.23,3.72,7.26,15.2,1.0,39176241152,0.871,0.0006649009049659079,0.018759125047453865,0.2266962938240765,0.3647290416562205,0.23481781376518218,0.5249102994876594,High
F,Consumer Discretionary,7.43,6.41,8.51,22.35,3.0,43330224128,1.635,0.00017432193857691463,0.023259330061040168,-0.04195211575254358,0.518951127973623,0.44158473105841534,0.5347367843608077,High
FAST,Industrials,9.28,8.29,7.1,24.67,2.0,40423079936,0.996,0.0009671521656020681,0.013580824154906627,0.4405062569885815,0.18726860045034832,0.5086755349913246,0.3088909462736792,Medium
FCX,Materials,15.26,9.96,6.4,31.61,4.0,61971775488,1.891,0.0006141868166517932,0.02206137545676829,0.1677215431819327,0.4778972075796462,0.7093695777906305,0.4029904934315355,Medium
FDS,Financials,4.32,8.75,5.3,18.37,1.0,17269403648,0.748,0.0001858723525968468,0.013242360927791,0.04158046417901842,0.17566946110671766,0.32648930017351074,0.37480595659462634,Medium
FDX,Industrials,5.66,8.42,5.61,19.68,2.0,72837300224,1.185,0.001401692481591936,0.017415700379156126,0.68539505732999,0.3186898602123441,0.3643724696356275,0.4454649282731554,Medium
FE,Utilities,10.77,8.99,5.79,25.56,3.0,25536411648,0.489,0.00017414420741738873,0.01172972634106248,0.04496786686987499,0.12383145348332103,0.534412955465587,0.2605336899037578,Low
FFIV,Information Technology,4.14,7.61,5.4,17.15,1.0,12510163968,1.057,0.0009210174913413531,0.014876873128779151,0.4024852284183217,0.2316842162093427,0.2912087912087912,0.4225270132420892,Medium
FI,Financials,4.12,8.74,6.77,19.64,2.0,100953350144,0.933,0.0013852987142039196,0.012440261925528051,0.7251260516047396,0.14818151751556136,0.36321573163678433,0.34362261785462306,Medium
FIS,Financials,4.09,8.17,5.21,17.48,1.0,46394933248,1.086,0.0006272861033073493,0.019053214203721164,0.2029471235324074,0.37480748099530364,0.3007518796992481,0.504583736717483,High
FITB,Financials,1.19,8.15,7.5,16.84,2.0,28733145088,1.239,0.0008736870921235357,0.02139846231272306,0.30790439414799226,0.45517916522085805,0.28224407171775595,0.5602098704454125,High
FMC,Materials,14.35,8.92,7.46,30.73,1.0,7908886016,0.855,-0.0012623284982136334,0.025174414900293093,-0.48302911641325136,0.5845811111616654,0.6839213418160787,0.4771801299705678,Medium
FRT,Real Estate,2.27,4.34,5.82,12.42,1.0,9881507840,1.256,0.00037151561781525474,0.014112224474978166,0.12020257059902265,0.2054796965634691,0.1544245228455755,0.4615180087998513,Medium
FTNT,Information Technology,2.5,10.03,6.37,18.9,1.0,58393071616,0.998,0.0014411937053851805,0.025952213633678847,0.5809974930080264,0.6112362842117018,0.34181607865818386,0.6300153390637475,High
FTV,Industrials,16.09,13.97,4.7,34.76,1.0,26181060608,1.161,0.0004511963144514405,0.014105920090895176,0.15761639041419412,0.20526364523618745,0.8004626951995373,0.20297310906189756,Low
GD,Industrials,9.37,18.9,6.93,35.19,3.0,84507975680,0.607,0.0005043624486541493,0.01088648930321228,0.20418333870398517,0.0949337088595204,0.8128976286871024,0.1318011738408713,Low
GE,Industrials,14.24,15.41,10.9,40.55,3.0,195533619200,1.179,0.003003682395466741,0.016694617929341213,2.2982034297275478,0.2939783549627873,0.9679005205320994,0.1892268047648326,Low
GEN,Information Technology,3.35,8.2,5.39,16.94,2.0,16286790656,1.06,0.0006797498285179836,0.019823972978739106,0.2238667001555433,0.40122139457742817,0.28513591671486416,0.5266784700605113,High
GILD,Health Care,1.0,14.34,7.62,22.97,2.0,103396417536,0.196,-8.396405961547315e-05,0.014304924529180694,-0.07483311201924048,0.212083530011694,0.4595141700404858,0.3434444499908221,Medium
GIS,Consumer Staples,8.32,8.72,4.09,21.13,2.0,41540526080,0.091,-0.0002672566917755874,0.01186387263260244,-0.13133862226448348,0.12842864869788934,0.40630422209369577,0.31453550038125533,Medium
GL,Financials,1.58,8.28,10.49,20.35,2.0,9538871296,0.808,0.00041130078438532955,0.03244856258675928,-0.12158201966200753,0.8338662501721905,0.3837478311162522,0.7468206176568134,High
GLW,Information Technology,5.53,4.81,6.13,16.48,2.0,37051850752,1.036,0.0007274558722924954,0.01584276052235795,0.28610932073303125,0.2647851901729023,0.2718334297281666,0.45013774221247477,Medium
GM,Consumer Discretionary,9.83,11.48,7.19,28.5,4.0,53408677888,1.439,0.0011262765815569181,0.02001739657639089,0.4719100895472559,0.40785002386938657,0.6194331983805669,0.3969367349694052,Medium
GOOGL,Communication Services,1.56,11.16,11.51,24.22,4.0,1966598389760,1.039,0.0016259496919544738,0.018532797302655564,0.8332585261177915,0.35697278679917993,0.4956622325043377,0.41591877907777286,Medium
GPC,Consumer Discretionary,4.67,5.18,3.8,13.66,2.0,19135287296,0.913,-0.0002884800109464803,0.015363717835352307,-0.1563512362845221,0.24836839084885792,0.19028340080971662,0.4729076741854281,Medium
GPN,Financials,3.65,10.68,6.54,20.87,1.0,28514754560,0.991,0.0004234588183815511,0.01884905555096713,0.10788428659905183,0.36781096122066653,0.3987854251012146,0.46117240669191406,Medium
GRMN,Consumer Discretionary,4.78,11.63,4.25,20.66,1.0,33179969536,1.009,0.0017172874197775617,0.014608279467490949,0.9588542682903463,0.22247950782596054,0.3927125506072875,0.37640268445266134,Medium
GS,Financials,0.88,12.76,11.82,25.45,2.0,153286164480,1.353,0.0010367393568918933,0.014581405776054745,0.47377389579157647,0.2215585460591457,0.5312319259687681,0.3204423572479802,Medium
GWW,Industrials,4.54,5.55,5.91,16.0,2.0,49508282368,1.159,0.0014851952132639973,0.015138989203872282,0.7716618924796207,0.2406669376267337,0.25795257374204744,0.4412191330792213,Medium
HAL,Energy,9.79,8.9,6.94,25.63,2.0,25866889216,1.906,-0.00025243930396660566,0.02033517577072086,-0.17445564847169512,0.4187403211313718,0.5364372469635628,0.4366692938933979,Medium
HAS,Consumer Discretionary,0.04,2.88,4.16,7.08,2.0,9817040896,0.596,0.0004539745229008702,0.021321686837234278,0.1002421763146281,0.4525480686436703,0.0,0.6715288411862022,High
HBAN,Financials,1.97,11.19,8.68,21.84,2.0,21263603712,1.068,0.00036038661769209374,0.020637795034298315,0.06170211787387164,0.42911108736265474,0.42683632157316365,0.48673212378832736,Medium
HCA,Health Care,3.9,17.72,7.22,28.84,3.0,104114790400,1.678,0.0012669991107654354,0.014124951702269175,0.6265366778403001,0.20591585881383984,0.6292654713707345,0.2718433267400101,Low
HD,Consumer Discretionary,3.32,5.56,3.76,12.64,2.0,380669591552,1.003,0.00045968625967100844,0.013442982494124515,0.1664714498694374,0.18254476488217009,0.16078658183921346,0.44521222619361667,Medium
HES,Energy,18.93,7.2,6.98,33.11,2.0,40304525312,1.164,0.00022739894286876922,0.01816345402347896,0.026315738728069037,0.3443153876562611,0.7527472527472527,0.30549033149485555,Medium
HIG,Financials,1.81,7.24,7.58,16.63,1.0,34303150080,0.924,0.0011218055047609206,0.01301323866898562,0.5408095663597865,0.1678174382170845,0.27617119722382877,0.39022198404071917,Medium
HLT,Consumer Discretionary,6.11,7.0,4.45,17.56,2.0,54307586048,1.31,0.0014383764304500765,0.013151409637617385,0.7566984046553281,0.17255255916969764,0.3030653556969346,0.38230539322304474,Medium
HOLX,Health Care,4.57,12.08,8.35,25.0,1.0,19208910848,0.984,0.00024178396874125583,0.011668446628049162,0.0753142896382627,0.12173139689449597,0.5182186234817814,0.265751388743985,Low
HON,Industrials,10.99,10.59,7.04,28.62,3.0,132688805888,1.027,-1.2292778937115127e-05,0.010970517888596551,-0.029818008859781264,0.09781336961033915,0.6229034123770967,0.20952665681536484,Low
HPE,Information Technology,0.95,4.14,5.6,10.69,2.0,23635793920,1.203,0.0006496817935787023,0.020088536335455768,0.2061022094247491,0.41028798436895936,0.10439560439560441,0.6044145488631338,High
HPQ,Information Technology,0.11,5.05,6.09,11.26,2.0,33170137088,1.083,0.0008792902348955088,0.017793093548994283,0.35252337589442173,0.33162312921645903,0.1208791208791209,0.5506222291782271,High
HRL,Consumer Staples,13.31,10.68,6.0,30.0,3.0,17838264320,0.248,-0.000695173249344438,0.015589377547050056,-0.28852460684020664,0.2561017522025613,0.6628108733371891,0.28853670198666115,Low
HSIC,Health Care,2.0,5.67,6.28,13.95,2.0,9026677760,0.861,-0.00017654601933170548,0.015004089525227016,-0.11369341200811131,0.2360439238259378,0.19866975130133024,0.4621584537750306,Medium
HST,Real Estate,3.25,4.58,5.52,13.35,1.0,24961603584,1.341,0.0003859659233881838,0.016322485507080268,0.11111113771847116,0.28122537184887014,0.18131868131868134,0.4962077505818495,Medium
HSY,Consumer Staples,10.52,10.4,5.14,26.05,3.0,40621432832,0.361,-0.00031551137973695893,0.012020269821077999,-0.14925305693539667,0.13378838244958685,0.548582995951417,0.2608398310891853,Low
HUBB,Industrials,5.6,9.09,4.91,19.6,0.0,22078416896,0.898,0.0014496047579268386,0.018377379329163467,0.7054885242833642,0.3516466107581305,0.36205899363794103,0.4661643689997019,Medium
HUM,Health Care,0.01,16.71,5.74,22.47,2.0,37954166784,0.509,-0.0006331760097811615,0.019379095217506286,-0.29175406474221793,0.3859754277189397,0.44505494505494503,0.45356327860938583,Medium
IBM,Information Technology,1.78,6.22,6.14,14.14,2.0,197245435904,0.693,0.0009305818568581453,0.012352553269974217,0.42797598392776853,0.145175740710556,0.20416425679583577,0.40543974170799935,Medium
ICE,Financials,1.7,9.25,8.82,19.78,1.0,93476061184,1.091,0.0011322392325653784,0.01075610099393816,0.5649520274950864,0.0904652997477256,0.3672643146327358,0.30737345399554106,Medium
IDXX,Health Care,2.62,7.1,8.94,18.66,1.0,42162847744,1.332,0.0005768299468914556,0.0184348622806483,0.18551261051450466,0.35361655227832983,0.33487565066512437,0.4782196711009481,Medium
IEX,Industrials,10.28,13.72,5.34,29.34,0.0,15495729152,0.949,-0.00017195381056648277,0.012756084395344789,-0.10026584694256092,0.1590047578021715,0.6437246963562753,0.2379129761387928,Low
IFF,Materials,10.49,5.57,6.63,22.69,3.0,26644783104,1.233,0.00020284389730210257,0.02137869974917642,-0.01561909821480558,0.4545019019024223,0.4514170040485831,0.4921343395220201,Medium
INCY,Health Care,1.06,16.3,7.41,24.76,1.0,12794285056,0.735,-0.00033853033966716004,0.01564341985982659,-0.1746071509338743,0.2579537829879705,0.5112781954887219,0.35026099159729357,Medium
INTC,Information Technology,4.93,7.32,6.62,18.87,3.0,91805720576,1.02,-3.391388274339902e-05,0.02866968976443894,-0.1754582381978074,0.7043642277472297,0.3409485251590515,0.6862391265847172,High
INTU,Information Technology,0.97,10.7,4.73,16.41,2.0,181138964480,1.243,0.0013102982042136196,0.018164772553288536,0.6111764956445472,0.3443605736905618,0.26980913823019087,0.49869268892226076,Medium
IP,Materials,15.15,4.5,4.81,24.47,3.0,17309921280,1.01,0.0009137271230789184,0.01816293688616813,0.36741029024556804,0.3442976653536664,0.5028918449971082,0.4054218612133566,Medium
IPG,Communication Services,0.04,5.0,5.28,10.32,1.0,11729707008,1.084,4.427836635139025e-05,0.015969419367486387,-0.034921582515659,0.2691257904982847,0.09369577790630423,0.5239971631364492,High
IQV,Health Care,1.3,10.62,7.22,19.14,2.0,43748352000,1.498,0.0006569324347911827,0.017603938935793876,0.23393506474356707,0.32514079807904256,0.3487565066512436,0.4555818761869281,Medium
IRM,Real Estate,5.0,3.74,5.76,14.5,2.0,34669355008,1.026,0.0020865200863946208,0.014731576199789324,1.2802497747431552,0.22670488849945575,0.21457489878542513,0.4501929735855034,Medium
ISRG,Health Care,3.65,9.58,7.84,21.07,1.0,174617722880,1.395,0.0016384511002204673,0.017798628085680133,0.8545721335213813,0.33181279786309076,0.4045691150954309,0.4372600326796821,Medium
IT,Information Technology,0.11,13.17,5.64,18.93,1.0,39306534912,1.323,0.001027201919818211,0.015809998245852032,0.4577024673040795,0.26366242651658084,0.34268363215731634,0.42112400304702197,Medium
ITW,Industrials,7.0,11.78,6.52,25.29,2.0,75748122624,1.112,0.0004017526742632146,0.011692231176622922,0.14914662427006173,0.1225464936938837,0.526604973973395,0.26288590662697225,Low
IVZ,Financials,0.73,11.02,11.04,22.79,2.0,7470531584,1.423,4.456693381128937e-05,0.01987957210956761,-0.062019714783323646,0.4031267775384087,0.45430884904569113,0.46015252690476877,Medium
J,Industrials,5.29,11.46,5.62,22.37,3.0,18008506368,0.721,0.0006153747050577588,0.013513010998174198,0.24396078608238425,0.1849446426574322,0.442163100057837,0.33410154557132454,Medium
JBHT,Industrials,3.28,6.55,5.0,14.82,1.0,17132796928,1.153,0.00014933497032445844,0.016753001601625482,0.0034761924884679453,0.2959791641968928,0.22382880277617123,0.48805597740766726,Medium
JCI,Industrials,4.49,4.55,5.39,14.43,3.0,48678182912,1.3,0.0004194202786339263,0.01643355553610696,0.12527032557858894,0.28503174323686614,0.2125506072874494,0.48599880302713994,Medium
JKHY,Financials,4.32,8.66,5.68,18.66,0.0,12909138944,0.638,7.386151396692524e-05,0.015118473970572957,-0.017433317534436252,0.23996388030575427,0.33487565066512437,0.41002806791740276,Medium
JNJ,Health Care,0.92,15.02,8.03,23.98,4.0,402177589248,0.519,-0.00011933004273920888,0.010286473320046731,-0.06919581156136484,0.074371153049683,0.4887218045112782,0.24913397002529852,Low
JNPR,Information Technology,1.82,7.2,5.8,14.82,1.0,12847232000,0.921,0.0005485312403950979,0.01598632444395525,0.19520450436843245,0.26970512769614846,0.22382880277617123,0.47229155550722063,Medium
JPM,Financials,1.11,16.45,11.7,29.26,3.0,595349733376,1.105,0.0013044557458553793,0.012875609685861327,0.6637064178161953,0.163100891115099,0.6414112203585889,0.24129604652562386,Low
K,Consumer Staples,10.64,13.35,4.38,28.37,2.0,27749677056,0.394,0.000554103704124721,0.014939407403674998,0.20456923285468862,0.23382726665074866,0.6156737998843262,0.2940268400367187,Low
KEY,Financials,1.59,9.16,10.66,21.42,1.0,15378881536,1.238,0.0004055719298157586,0.03049701710634353,-0.031232318304740797,0.7669867603213127,0.4146905725853095,0.6943158271586638,High
KEYS,Information Technology,1.2,1.75,4.65,7.6,1.0,26116489216,0.974,-6.352697822434779e-05,0.019114261124185683,-0.09839713983848929,0.37689955978035167,0.015037593984962405,0.620124698274226,High
KHC,Consumer Staples,13.49,14.05,6.17,33.7,3.0,42366164992,0.478,-0.00026614576891791623,0.011891385426299047,-0.13119172717673494,0.12937151250776047,0.7698091382301909,0.16969925221257992,Low
KIM,Real Estate,2.35,2.58,5.97,10.9,0.0,16219149312,1.492,0.00034958537511863117,0.016277997243036097,0.09510360073122233,0.2797007584419659,0.11046847888953154,0.5236330635093669,High
KLAC,Information Technology,7.41,5.13,4.64,17.19,0.0,99420717056,1.276,0.002148298926613208,0.023780650103924668,1.1761519565532759,0.5368167728520223,0.29236552920763453,0.6051438520281596,High
KMB,Consumer Staples,10.43,10.4,7.64,28.48,2.0,48567140352,0.403,0.00018515544941005593,0.010635088765652037,0.05506529806832924,0.08631820905744375,0.6188548293811452,0.2042489936820082,Low
KMI,Energy,8.28,7.19,3.49,18.96,2.0,47851556864,0.921,0.0004922943910539977,0.010938682067902472,0.1976679300777226,0.09672235560714487,0.3435511856564488,0.3206129391017074,Medium
KMX,Consumer Discretionary,0.09,8.02,3.99,12.1,2.0,12391112704,1.688,0.0011006533829792235,0.024643863382491353,0.39429425961028186,0.5663991035137423,0.1451706188548294,0.6817712145663137,High
KO,Consumer Staples,7.23,9.54,4.86,21.63,3.0,309448671232,0.609,0.00037069605191855697,0.008116320887200209,0.15123114126105588,0.0,0.4207634470792365,0.23169462116830541,Low
KR,Consumer Staples,6.55,9.12,5.6,21.27,3.0,40625352704,0.46,0.0005100940233547772,0.012693440993407417,0.19653693779753265,0.15685796757558534,0.4103528050896472,0.32997365850949234,Medium
L,Financials,0.59,4.25,11.53,16.38,2.0,17404710912,0.818,0.0008613800437338306,0.010656015248485626,0.39853221075281053,0.08703535990549127,0.2689415847310584,0.34464458205087145,Medium
LDOS,Industrials,3.37,9.03,5.25,17.65,2.0,20855037952,0.704,0.001103004519140896,0.014592929375618626,0.5137999798754771,0.22195345997112587,0.3056680161943319,0.41090486950494276,Medium
LEN,Consumer Discretionary,11.26,8.55,5.55,25.36,2.0,50908487680,1.609,0.0018041043641451495,0.018212407014804186,0.9793432367261352,0.34599300732711186,0.5286292654713708,0.3961440982077188,Medium
LH,Health Care,0.43,12.71,6.6,19.74,2.0,19060506624,1.041,0.00036713002277138186,0.01298622532697207,0.12537622540762794,0.1668916906231065,0.3661075766338924,0.35369198372030697,Medium
LKQ,Consumer Discretionary,3.8,4.0,3.27,11.07,2.0,10751375360,1.283,-0.0004838221249166085,0.016217772076762532,-0.22781285404229001,0.27763684118408966,0.11538461538461542,0.5204282585566077,High
LLY,Health Care,2.54,12.6,9.14,24.28,2.0,815948038144,0.422,0.002492030277944832,0.01864558636536448,1.6302639667317502,0.3608380694945768,0.4973973395026027,0.417543905895705,Medium
LMT,Industrials,7.96,15.11,7.11,30.18,3.0,136559820800,0.469,0.00047276738867358303,0.010662927970964768,0.18966342855561613,0.08727225899778773,0.6680161943319838,0.18515687766587913,Low
LNT,Utilities,8.54,6.55,6.28,21.36,0.0,15520779264,0.57,0.00019504333715989326,0.01205776399052276,0.05237496084199747,0.13507330814053908,0.41295546558704455,0.31586179864950564,Medium
LOW,Consumer Discretionary,3.31,5.31,3.17,11.78,2.0,145635721216,1.09,0.0006405606013062122,0.014730292759553716,0.24849280738652982,0.2266609049853266,0.1359167148640833,0.48162985704556266,Medium
LRCX,Information Technology,4.5,3.97,5.14,13.61,1.0,99490209792,1.483,0.001937144106603042,0.02435777445902609,0.9816800240310279,0.5565948322603418,0.18883747831116254,0.6584219080317399,High
LULU,Consumer Discretionary,1.58,9.86,5.5,16.94,2.0,32572626944,1.253,-0.00029206290994822516,0.02165994596198339,-0.1976312780540321,0.46414021339645645,0.28513591671486416,0.5644297613519282,High
LUV,Industrials,11.04,13.69,5.95,30.67,2.0,17099948032,1.162,-4.363771503957316e-05,0.021940615570720946,-0.11288339172004708,0.4737587646612798,0.6821862348178138,0.41138076486964237,Medium
LVS,Consumer Discretionary,2.3,7.72,8.67,18.69,2.0,30488285184,1.113,-0.00040061611943881156,0.01804978674645261,-0.20960875266131768,0.34042000854439874,0.33574320416425685,0.4699547234609365,Medium
LYB,Materials,13.5,2.1,5.09,20.69,2.0,30880202752,1.082,0.00047475286317318424,0.013254123637233373,0.1751398911609935,0.1760725693174484,0.39358010410641997,0.34821149994790107,Medium
MA,Financials,2.15,6.66,8.27,17.07,4.0,462832107520,1.103,0.0008525670524556736,0.010598383731770928,0.3937139946683994,0.08506032705286715,0.28889531521110473,0.33547807014727843,Medium
MAA,Real Estate,3.9,2.95,6.25,13.09,1.0,19992911872,0.873,0.00020432908900887877,0.014127779204762256,0.0447175204614748,0.2060127573622913,0.17379988432620014,0.45408770068689475,Medium
MAR,Consumer Discretionary,8.55,9.16,3.72,21.43,3.0,66329636864,1.591,0.0012146186634400275,0.014455331539472541,0.5884264124629864,0.21723798027650232,0.4149797570850202,0.3643508853318933,Medium
MAS,Industrials,9.73,5.64,6.82,22.19,1.0,17732730880,1.247,0.0013856978392816552,0.017048813550626447,0.6777731048226078,0.3061166436661204,0.43695777906304223,0.4088868745744554,Medium
MCD,Consumer Discretionary,7.56,12.56,5.84,25.95,3.0,210719506432,0.724,0.00026143693826161167,0.010036199197363689,0.092044105193461,0.06579425550059176,0.5456911509543089,0.22120009291863152,Low
MCHP,Information Technology,15.25,9.16,7.4,31.82,1.0,41310883840,1.519,0.0006564944488823208,0.021968639229706946,0.18900152643099455,0.47471913583148667,0.7154424522845576,0.39865450058506896,Medium
MCK,Health Care,1.65,7.28,6.29,15.23,3.0,67408543744,0.441,0.0010555612019910933,0.012925116477063838,0.49889145197168283,0.16479748951518985,0.23568536726431466,0.404604346803388,Medium
MCO,Financials,1.61,6.09,8.12,15.82,2.0,88281661440,1.29,0.0014488232782020618,0.01313453767484576,0.7641696678874654,0.1719743567786835,0.2527472527472528,0.402085712968309,Medium
MDLZ,Consumer Staples,7.23,9.39,5.41,22.02,3.0,100893089792,0.548,0.00025306656161621575,0.010939492252585878,0.08392449145047169,0.0967501206471375,0.4320416425679584,0.28523341536109914,Low
MDT,Health Care,1.78,13.43,7.57,22.77,3.0,113676828672,0.854,0.0003787136202658977,0.01278832015828759,0.13186812436907122,0.1601094778316064,0.4537304800462695,0.31457349468045603,Medium
MET,Financials,0.69,6.96,8.77,16.43,2.0,54821441536,1.029,0.00029115701540616186,0.015452749809858826,0.07387389768998011,0.2514195178121628,0.2703875072296125,0.4426967077954527,Medium
META,Communication Services,2.71,21.09,10.29,34.08,4.0,1356780404736,1.213,0.00374117971376112,0.025366738070591744,3.179172731170995,0.5911720287934377,0.7807981492192019,0.44238395758838184,Medium
MGM,Consumer Discretionary,1.3,12.97,10.49,24.76,2.0,11303280640,2.236,0.0005145159177867162,0.021029649685616818,0.1295072575535135,0.44253995153152464,0.5112781954887219,0.46101269272342604,Medium
MHK,Consumer Discretionary,5.75,4.19,4.19,14.14,2.0,9834908672,1.375,0.00117698787522937,0.0240781401100761,0.45180608743717315,0.5470117593623567,0.20416425679583577,0.6465413528990798,High
MKC,Consumer Staples,9.63,11.09,5.35,26.07,2.0,22768777216,0.758,1.4801906112480349e-05,0.015270178168444337,-0.04121244029109974,0.24516278520635287,0.5491613649508387,0.3274331251434763,Medium
MLM,Materials,16.68,4.77,8.67,30.12,2.0,32638973952,0.908,0.0012195249665250384,0.01570222623265243,0.5794670726171988,0.2599690781753186,0.6662810873337189,0.2894690119717036,Low
MMC,Financials,0.09,11.31,9.67,21.07,2.0,113679212544,0.937,0.0008049914509184662,0.009841975866041366,0.3707073163220233,0.05913821932499225,0.4045691150954309,0.273655285556823,Low
MMM,Industrials,17.22,13.59,6.54,37.35,5.0,73377218560,0.995,0.0008545147286853821,0.020266247652550202,0.3153363475003856,0.4163781535949778,0.8753614806246386,0.29968229990713124,Low
MNST,Consumer Staples,12.07,12.04,5.11,29.23,2.0,50022043648,0.737,-7.841990339952528e-05,0.013718733878748581,-0.06968019719560263,0.1919947685405024,0.6405436668594564,0.25897939438051887,Low
MO,Consumer Staples,6.1,17.64,7.58,31.32,3.0,86164111360,0.687,0.00046587932681005264,0.011483301460731227,0.18123901399462575,0.11538646952137577,0.7009832272990169,0.18883859079321874,Low
MOS,Materials,13.87,11.05,8.6,33.52,2.0,8173065216,1.363,-0.0007245335240309688,0.021654447910757792,-0.3298147084450129,0.46395179510703816,0.7646038172353963,0.3725295501700644,Medium
MPC,Energy,17.09,8.15,5.25,30.49,3.0,54844665856,1.364,0.0012992900710027038,0.01875823378836673,0.5968265239908418,0.364698498195322,0.6769809138230191,0.3480267333879856,Medium
MRK,Health Care,1.85,10.64,8.9,21.39,3.0,299842699264,0.401,0.00023389987008815618,0.01269878306477168,0.06577287744051055,0.15704104043305867,0.413823019086177,0.3286954166253644,Medium
MRO,Energy,21.07,9.05,7.6,37.72,2.0,15304718336,2.169,0.00045977285431619646,0.01973714377464037,0.11739470750912163,0.3982457565856126,0.8860613071139387,0.2845229311057921,Low
MS,Financials,1.14,12.91,10.53,24.58,2.0,161931493376,1.357,0.0005748876807839358,0.015517065152509855,0.20870274305744688,0.253623605469484,0.5060728744939271,0.34974501348411957,Medium
MSCI,Financials,1.57,6.97,7.74,16.27,1.0,44539666432,1.111,0.0007272605380167339,0.018578029734644258,0.2589774096733363,0.3585229028515478,0.26576055523423947,0.5088095196172329,High
MSFT,Information Technology,1.46,7.53,6.07,15.06,3.0,3234487336960,0.896,0.0014358340000602838,0.014538024223483758,0.7411303592133425,0.2200718596693063,0.23076923076923078,0.4397354234938915,Medium
MSI,Information Technology,2.26,5.07,5.8,13.13,1.0,73940533248,0.977,0.0013615432184135043,0.011350999544622256,0.7173271912457467,0.11085248107762369,0.1749566223250434,0.39652883971655684,Medium
MTB,Financials,2.63,10.32,13.58,26.53,1.0,29028114432,0.744,0.000599601346836488,0.019417601594572308,0.1872111413473078,0.38729504177868085,0.5624638519375362,0.407391484292194,Medium
MTD,Health Care,1.0,7.41,4.69,13.1,0.0,29563645952,1.139,0.0001407690705138658,0.019066627677717052,-0.015589648285156224,0.3752671609294765,0.1740890688259109,0.5555246690273216,High
MU,Information Technology,7.23,5.46,5.49,18.18,2.0,98387369984,1.176,0.0018886050615579705,0.02603579073236358,0.9106611059077974,0.6141004725072576,0.32099479467900527,0.6400623656327524,High
NCLH,Consumer Discretionary,8.97,10.9,6.08,25.94,2.0,8688294912,2.712,0.001497584875179137,0.03203636618158722,0.5084316954070288,0.8197402738252799,0.545401966454598,0.6736833777133286,High
NDAQ,Financials,0.03,5.63,7.43,13.09,1.0,42128486400,0.962,0.00047340436473119416,0.014258908820491405,0.16709850696228595,0.2105065710562662,0.17379988432620014,0.4567839889032797,Medium
NDSN,Industrials,8.18,11.61,5.1,24.89,1.0,14591575040,0.902,0.0002964687270707464,0.015101941338988595,0.0778473254393366,0.2393973067990896,0.5150375939849624,0.33762334648546877,Medium
NEE,Utilities,9.38,8.3,5.6,23.27,2.0,174643085312,0.551,5.6229445567183836e-05,0.01742671782086918,-0.03960395589057867,0.31906742808797145,0.46818970503181034,0.40416457484005874,Medium
NEM,Materials,7.05,8.24,5.22,20.52,3.0,60940009472,0.513,0.0004041635225629656,0.021367478251730715,0.07684545013887713,0.45411734103409357,0.38866396761133604,0.5170048175759218,High
NFLX,Communication Services,0.09,7.31,9.01,16.41,2.0,303381020672,1.262,0.0023113607214732147,0.021763020556912347,1.3778604731626392,0.4676725811504306,0.26980913823019087,0.572679893398182,High
NI,Utilities,11.98,9.17,4.87,26.02,3.0,15419760640,0.504,0.0005199389743841237,0.012087139544956105,0.2048105222249555,0.1360800087859016,0.5477154424522845,0.26256182829062713,Low
NKE,Consumer Discretionary,2.98,9.99,6.65,19.61,3.0,120908390400,1.014,-0.0006588832920012422,0.019088375160203758,-0.29835789730674345,0.3760124474466741,0.36234817813765186,0.48066819721294374,Medium
NOC,Industrials,7.79,14.37,5.37,27.53,2.0,76233113600,0.337,1.011437751448149e-05,0.013284584282352007,-0.03168433101198755,0.17711645603518394,0.5913823019086177,0.2697169528576633,Low
NOW,Information Technology,3.99,6.04,6.57,16.59,0.0,183719378944,0.987,0.0021359765507607768,0.021159805441225598,1.2178988326848248,0.44700039102608174,0.2750144592249856,0.5581944509256548,High
NRG,Utilities,16.8,9.5,5.69,31.97,2.0,16782821376,1.085,0.002532989081005475,0.019122783372750474,1.6623865118614025,0.3771916173532421,0.7197802197802198,0.33840288249985734,Medium
NSC,Industrials,8.02,10.48,5.42,23.92,3.0,55861764096,1.307,0.00019591691506701345,0.015280681619669171,0.034154246338706805,0.24552273862103874,0.4869866975130134,0.3525189641674179,Medium
NTAP,Information Technology,2.19,7.74,5.5,15.43,1.0,24377368576,1.219,0.0018141198616097073,0.018650604496552967,0.985852926510947,0.3610100409178712,0.24146905725853096,0.5200184016473104,High
NTRS,Financials,1.87,11.83,10.17,23.86,2.0,18278486016,1.096,0.00021122438149529378,0.018613920442695574,0.01592782718443896,0.3597528778989894,0.4852515905147484,0.4217510905334943,Medium
NUE,Materials,9.3,14.72,8.8,32.82,2.0,33929832448,1.563,0.000537201104935071,0.01914495427029995,0.15908749040067768,0.37795141431033336,0.7443609022556391,0.3290264876839444,Medium
NVDA,Information Technology,2.3,4.95,6.34,13.59,2.0,2835422642176,1.673,0.005617234178499876,0.0327240234810827,7.3388058851333735,0.8433062987240143,0.1882591093117409,0.8306801355097122,High
NVR,Consumer Discretionary,7.21,7.82,5.24,20.27,1.0,29192695808,1.187,0.0017718973867990547,0.01484422862628007,0.9986534633155465,0.23056548866981902,0.3814343551185656,0.3857655511544652,Medium
NWSA,Communication Services,0.02,4.74,6.72,11.47,2.0,15057525760,1.358,0.0011746066927873476,0.01590910542595737,0.5480874920657418,0.2670588309112107,0.12695199537304802,0.5094545003975073,High
NXPI,Information Technology,8.58,5.45,5.81,19.84,1.0,59243253760,1.497,0.0014281604400835156,0.021067072542724642,0.653402001327185,0.44382243334773136,0.36899942163100063,0.5186936913562386,High
O,Real Estate,4.41,5.32,5.74,15.47,2.0,54585954304,0.992,5.143266176201669e-06,0.011797844842229597,-0.02648900700499205,0.12616587543411906,0.24262579525737427,0.3786492071575217,Medium
OKE,Energy,10.83,11.01,3.31,25.15,1.0,55288446976,1.634,0.000977694982911798,0.013775383084495845,0.44447923981923576,0.19393613758306621,0.5225563909774436,0.3073391261588623,Medium
OMC,Communication Services,0.09,9.33,6.86,16.28,1.0,19903373312,0.964,0.0005747465810300672,0.014357455787124477,0.2168908492746667,0.21388377692766986,0.2660497397339503,0.4219103702630218,Medium
ON,Information Technology,11.79,5.69,4.95,22.43,1.0,30593183744,1.656,0.0010117981379189228,0.029816796635350525,0.26391822715707786,0.7436755956353407,0.44389820705610183,0.6686460745587637,High
ORCL,Information Technology,0.5,7.79,5.6,13.89,2.0,464054353920,1.0,0.0014412312678872372,0.01922783996047647,0.6876492024129737,0.38079190802701707,0.1969346443030654,0.5497012870949841,High
ORLY,Consumer Discretionary,0.14,8.15,3.76,12.05,1.0,65588211712,0.924,0.000788782965459113,0.012610203192944282,0.34405034979493776,0.15400540703464544,0.14372469635627533,0.4349133656782772,Medium
OXY,Energy,24.98,9.7,6.97,41.66,2.0,47697215488,1.605,-4.2355283722054826e-05,0.01571791097242335,-0.06666666250101304,0.2605065944181372,1.0,0.15630395665088234,Low
PANW,Information Technology,0.7,7.62,5.6,13.92,1.0,112693567488,1.132,0.002695064002153457,0.026977739451050187,1.6198628329063922,0.6463810677604247,0.19780219780219782,0.7087077615353757,High
PARA,Communication Services,0.11,7.51,7.37,14.99,3.0,7424509952,1.77,-0.00046528087710443877,0.0372963502918374,-0.3866432071347131,1.0,0.22874493927125505,0.908502024291498,High
PAYX,Industrials,3.21,7.16,6.36,16.73,1.0,48633491456,0.993,0.00038224323557182566,0.012870946583455353,0.13289007610816927,0.16294108653295442,0.279063042220937,0.3861394350313978,Medium
PCAR,Industrials,8.36,10.99,8.3,27.64,3.0,51368513536,0.901,0.0010349665663558904,0.015309848893846876,0.46571161657236504,0.24652230149924031,0.5945633314054367,0.31008804833736947,Medium
PCG,Utilities,9.58,15.38,5.42,30.38,4.0,52330303488,1.017,0.0006242738311060819,0.012401422880020644,0.25637757522470966,0.14685050290386137,0.6737998843262001,0.2185903480118368,Low
PEG,Utilities,12.48,9.28,5.46,27.23,2.0,42229178368,0.623,0.000699376320416948,0.011623235794571396,0.30136987901476914,0.12018202102338799,0.5827067669172933,0.2390265058471155,Low
PEP,Consumer Staples,7.27,9.63,5.16,22.06,3.0,242943328256,0.541,-3.960495690126783e-05,0.009932150779381671,-0.036397071768612774,0.062228514817496916,0.4331983805668016,0.2640577566637775,Low
PFE,Health Care,2.12,12.85,9.63,24.59,3.0,169037660160,0.617,-0.001256338791187034,0.014697774626860083,-0.4340616235116931,0.22554650814073446,0.506362058993638,0.3327830812869855,Medium
PFG,Financials,0.81,5.82,7.56,14.19,1.0,19411369984,1.192,4.7061538147911645e-05,0.01516064329321467,-0.028052985177188756,0.24140902355961985,0.2056101792943898,0.462601342418016,Medium
PG,Consumer Staples,9.6,12.23,6.74,28.57,3.0,413267034112,0.407,0.0003413776943530713,0.00944396593066337,0.1317542059570986,0.04549841348865041,0.6214574898785425,0.17871605214177325,Low
PGR,Financials,1.45,8.5,10.07,20.02,2.0,150497378304,0.353,0.0017277912466019207,0.016685920669475777,0.9379130023901215,0.2936802997502708,0.3742047426257953,0.4265262827998444,Medium
PH,Industrials,9.46,13.78,6.24,29.48,2.0,77822435328,1.431,0.0018773311266361873,0.017177726408316888,1.0571702499228066,0.3105344890323061,0.6477732793522267,0.32721138167849295,Medium
PHM,Consumer Discretionary,9.19,7.31,4.92,21.42,2.0,29148821504,1.627,0.00269701853781236,0.019198202852841115,1.8495669203990768,0.37977624394990533,0.4146905725853095,0.4619895173358194,Medium
PKG,Materials,13.96,1.06,3.62,18.64,1.0,19272724480,0.786,0.0012628924611222372,0.014211289514435796,0.6235859077170742,0.20887465679753547,0.3342972816657027,0.3916058814122402,Medium
PLD,Real Estate,2.74,2.5,5.03,10.27,1.0,119701798912,1.083,0.00043232028828659315,0.01614802932761704,0.13426210777912534,0.27524675623323597,0.09224985540775016,0.5282481115768415,High
PM,Consumer Staples,3.42,13.54,11.49,28.45,3.0,191598002176,0.578,0.0005274006761352489,0.010602523968145115,0.21707795855182815,0.08520221300907282,0.6179872758820127,0.20392641745263862,Low
PNC,Financials,1.94,13.29,10.83,26.07,3.0,72141553664,1.128,0.0005179728981941007,0.017981921654035435,0.16029332610696304,0.33809427091486816,0.5491613649508387,0.3831920165685855,Medium
PNR,Industrials,5.97,10.01,6.07,22.06,1.0,15541917696,1.191,0.0017731214459617494,0.017730834391067325,0.9621681624865209,0.3294895070372756,0.4331983805668016,0.4244143519956447,Medium
PNW,Utilities,14.72,10.23,5.84,30.79,1.0,10374980608,0.516,0.00046191474391638266,0.012647406569263336,0.17271874399081652,0.1552803672412702,0.6856564488143435,0.2189056408190247,Low
PPG,Materials,10.98,7.7,6.54,25.21,2.0,29736417280,1.25,0.00015052952236530872,0.013904745251574783,0.022784606378809195,0.1983693807880364,0.5242914979757085,0.30930502928253845,Medium
PPL,Utilities,17.08,8.9,5.33,31.32,2.0,24110428160,0.835,0.00027594341223215267,0.011245556803651935,0.09280818539950787,0.1072389569269741,0.7009832272990169,0.18395008323657774,Low
PRU,Financials,0.64,10.01,9.25,19.91,1.0,42368761856,1.286,0.0005877191736540138,0.015077205957627828,0.21793324862875288,0.23854962494730786,0.3710237131289763,0.3947202897167942,Medium
PSA,Real Estate,4.74,2.61,5.7,13.05,1.0,63529824256,0.67,0.0006473704313505229,0.014518068304024597,0.25362904078545645,0.2193879700411489,0.1726431463273569,0.46257552349374664,Medium
PSX,Energy,20.76,8.82,5.85,35.43,3.0,53702402048,1.322,0.0009361305764026006,0.017218724855436615,0.3887953999198321,0.3119395063662918,0.819838056680162,0.2592284811477103,Low
PTC,Information Technology,4.92,8.61,5.37,18.9,0.0,21107718144,1.177,0.0010540517427161903,0.013150747263531526,0.49678223195973414,0.17252985960087014,0.34181607865818386,0.3667914842972485,Medium
PWR,Industrials,12.15,15.73,9.04,36.91,2.0,40356634624,1.009,0.0017897449071710755,0.01901902471200837,0.9566887396952171,0.37363580665465473,0.8626373626373627,0.2791265389378478,Low
PYPL,Financials,2.83,9.19,5.75,17.77,2.0,73372622848,1.438,0.00019143718294360192,0.02272684560361696,-0.02882812380119382,0.5007028784588852,0.30913823019086173,0.5767664349989865,High
QCOM,Information Technology,5.34,4.5,5.55,15.39,3.0,187931803648,1.284,0.0014277350149575466,0.02225747879829961,0.6352612690501785,0.48461767173038345,0.2403123192596877,0.594645675334355,High
QRVO,Information Technology,12.32,8.5,7.7,28.52,0.0,9529769984,1.457,0.0008651195116805893,0.021611312133449086,0.300089748520981,0.4624735314387414,0.6200115673799884,0.4294794919112495,Medium
RCL,Consumer Discretionary,8.15,7.68,4.88,20.71,3.0,43694575616,2.621,0.0031799909223384605,0.022690744112341035,2.379593475904285,0.4994656798675024,0.3941584731058416,0.5420160186781647,High
REG,Real Estate,3.72,3.21,4.77,11.71,0.0,13652682752,1.218,0.00043795042330114104,0.01331540508764509,0.1569314073372843,0.17817268544693993,0.13389242336610763,0.4533466419217209,Medium
REGN,Health Care,0.34,10.96,6.74,18.04,2.0,127109210112,0.122,0.0012860963474826876,0.013594061499757445,0.6443293816258309,0.18772224443635177,0.3169462116830538,0.38585486198858954,Medium
RF,Financials,1.82,6.67,8.36,16.85,2.0,20617766912,1.188,0.00041529439890867294,0.020281786750929492,0.09082444458796711,0.4169106787053473,0.2825332562174668,0.5371331047362217,High
RJF,Financials,2.35,11.23,13.44,27.02,2.0,24853202944,1.03,0.00041638246331149895,0.01609307636878378,0.12684948644849567,0.27336351759521976,0.5766338924233662,0.3333645535877854,Medium
RL,Consumer Discretionary,1.22,7.79,5.62,14.62,2.0,11238284288,1.502,0.0012645328795552102,0.019335200419592382,0.5696085926938217,0.38447115240429836,0.21804511278195488,0.5434646463297971,High
RMD,Health Care,3.54,12.41,10.43,26.39,1.0,36993007616,0.691,0.0006450381361379292,0.02295565170950215,0.17172781577779625,0.5085440667836929,0.5584152689415848,0.48176033249358186,Medium
ROK,Industrials,5.37,6.64,5.65,17.67,2.0,29864515584,1.363,0.00028242774894797875,0.019076603526047654,0.04058597202427071,0.37560903338588386,0.3062463851937537,0.5028668659540289,High
ROL,Industrials,1.76,10.63,6.92,19.31,1.0,24893739008,0.697,0.0008583371943344492,0.01392053446955705,0.37291385369701574,0.19891047750056257,0.3536726431463273,0.3778772292418066,Medium
ROP,Information Technology,4.67,9.67,6.09,20.44,0.0,59662757888,1.022,0.0006409590602596548,0.01057885758817769,0.276089821959718,0.08439116584941281,0.38635049161364954,0.29609450286418787,Low
ROST,Consumer Discretionary,1.79,10.76,5.68,18.23,2.0,50816126976,1.092,0.0007146057921661604,0.01309928188146726,0.30026761831555265,0.1707661402656152,0.3224407171775593,0.3734833972883454,Medium
RSG,Industrials,11.19,6.02,3.7,20.91,3.0,64497053696,0.707,0.0011995682859153728,0.009486454436561998,0.6180449064717285,0.04695449515702177,0.3999421631000578,0.26819583185418994,Low
RVTY,Health Care,0.75,10.1,5.85,16.7,2.0,15145726976,1.046,-0.00015025304521776864,0.019303030111638825,-0.13178403397021174,0.3833686755182249,0.2781954887218045,0.5187430098222131,High
SBAC,Real Estate,3.11,3.23,5.23,11.58,0.0,26340440064,0.664,-0.00035019366450182536,0.01849934085249558,-0.19549935572314564,0.355826233802401,0.130133024869867,0.5614425303334938,High
SBUX,Consumer Discretionary,5.79,14.62,4.27,24.67,3.0,109285810176,0.96,4.774010271619907e-05,0.020417036706488333,-0.062084717073787,0.4215456965006806,0.5086755349913246,0.44945720390387855,Medium
SCHW,Financials,2.39,8.95,11.94,23.28,2.0,116510556160,0.964,-0.0002861622148280118,0.022927684835105322,-0.20551627368240713,0.5075856416221205,0.46847888953152117,0.5171598291606638,High
SHW,Materials,14.31,9.2,5.85,29.35,2.0,95620767744,1.168,0.0011523723924321814,0.014919369339532152,0.5430922949902571,0.23314056192317706,0.6440138808559862,0.28227878481151175,Low
SJM,Consumer Staples,12.89,11.99,5.57,30.45,2.0,12862360576,0.232,-0.0006956928233806446,0.013219188063896525,-0.27869679638380435,0.17487532674951267,0.6758241758241759,0.23459552572003725,Low
SLB,Energy,8.08,6.29,5.91,20.28,1.0,58923360256,1.528,-0.00019356585629319567,0.019194926553417264,-0.1458252101268583,0.3796639651246027,0.38172353961827654,0.475108963227451,Medium
SNA,Industrials,9.0,13.91,7.62,30.53,2.0,14827014144,0.974,0.0006093988183353729,0.014026812448805414,0.2369865907856021,0.20255262527822981,0.6781376518218624,0.25027651443819293,Low
SNPS,Information Technology,3.34,6.93,4.16,14.42,0.0,77152632832,1.078,0.0013487983471958712,0.01922511787327791,0.6253129035097316,0.3806986220621262,0.21226142278773857,0.5435146041221802,High
SO,Utilities,14.68,11.0,7.3,32.98,2.0,98390876160,0.509,0.0005053272398042689,0.011394230227184885,0.20166898042110648,0.11233399715024833,0.7489878542510121,0.16780525658974416,Low
SPG,Real Estate,3.83,3.99,6.15,13.98,1.0,61818773504,1.769,0.0009662632741018714,0.015429584085414422,0.4237706721117462,0.25062562812400774,0.19953730480046272,0.4705604549542196,Medium
SPGI,Financials,0.0,6.22,6.82,13.04,1.0,165069996032,1.177,0.0011006077647261238,0.012500875373055075,0.531282542210579,0.15025874117721372,0.172353961827646,0.4212136599752699,Medium
SRE,Utilities,10.86,7.85,4.88,23.59,2.0,53152604160,0.759,0.00023143929962187828,0.011901691566196112,0.06928627565744273,0.129724704060591,0.47744360902255645,0.28685737882733203,Low
STLD,Materials,10.56,14.36,8.06,32.98,1.0,17666150400,1.327,0.0007716637503065434,0.021199694957299054,0.2557529099042,0.448367405278203,0.7489878542510121,0.369425301466517,Medium
STT,Financials,1.61,12.95,9.52,24.08,1.0,25887369216,1.495,0.00040217698005702584,0.017186325405982587,0.11096934666985207,0.3108291767979166,0.4916136495083864,0.3898520462753954,Medium
STX,Information Technology,1.59,3.8,5.26,10.66,1.0,21484713984,1.058,0.0017933937781507575,0.021455579464051036,0.918851214383261,0.45713657076476405,0.10352805089647199,0.6328707221002696,High
STZ,Consumer Staples,9.45,10.04,5.18,24.66,2.0,46082215936,0.873,0.0002145338061276755,0.012616042731501213,0.05760105561855294,0.15420552809949956,0.5083863504916136,0.2891687766630543,Low
SWK,Industrials,5.0,12.51,7.8,25.31,2.0,15857777664,1.236,0.0009310620035383247,0.02120705218982215,0.3434833617320237,0.4486195377356819,0.5271833429728167,0.4582983854522825,Medium
SWKS,Information Technology,11.82,8.93,7.21,27.95,1.0,15532438528,1.204,0.0006903336478984423,0.021467319664719608,0.21093918605404005,0.45753890759951404,0.603528050896472,0.4331121242011196,Medium
SYF,Financials,0.13,9.89,7.25,17.28,2.0,19441215488,1.612,0.0012537505281405763,0.020007806442158212,0.5517134692381582,0.4075213698403007,0.29496818970503186,0.5265255460221676,High
SYK,Health Care,3.99,13.24,11.03,28.26,2.0,141744701440,0.919,0.001009660330191337,0.013743455370905919,0.46494336144370735,0.19284197440909584,0.6124927703875073,0.2707080764904546,Low
SYY,Consumer Staples,5.42,6.05,4.47,15.95,2.0,38230503424,1.198,0.00013167812343045768,0.011858130951633357,0.026056104916376353,0.12823188121388635,0.25650665124349337,0.37433646823093447,Medium
T,Communication Services,3.26,13.94,6.72,23.91,3.0,156167831552,0.733,0.0002649798907284456,0.015545190666216582,0.06189967244289347,0.25458746720233955,0.48669751301330255,0.35807347511608273,Medium
TAP,Consumer Staples,7.25,8.61,5.51,21.37,2.0,11506942976,0.814,0.00031455105181460083,0.0144147028709595,0.09162626860484789,0.21584563526033917,0.41324465008675537,0.3642095211215014,Medium
TDG,Industrials,12.01,17.71,9.0,38.72,2.0,77178421248,1.41,0.001985379533980675,0.014111107259472287,1.1944323282955296,0.20544140957306256,0.9149797570850202,0.15727294290982946,Low
TEL,Information Technology,5.81,4.44,4.55,14.8,0.0,44913152000,1.325,0.0007885396889537533,0.013239796152117699,0.33961277862992423,0.17558156620991217,0.22325043377674958,0.41604876621524745,Medium
TER,Information Technology,7.11,4.89,5.03,17.03,0.0,21165559808,1.492,0.0014005886004476238,0.0239149247270452,0.5911788111480254,0.5414183659915821,0.2877385772122615,0.6097555887100448,High
TFX,Health Care,4.83,16.12,8.67,29.63,2.0,11376049152,1.156,0.00011401394131578306,0.017896592494154068,-0.018731270043000542,0.3351700394585487,0.6521110468478889,0.3402576049359737,Medium
TGT,Consumer Staples,1.93,7.55,4.86,14.35,3.0,70409453568,1.238,0.00022341305368614762,0.019972934287385922,0.012456333242388682,0.406326300627425,0.21023713128976285,0.5597009278605498,High
TJX,Consumer Discretionary,1.89,7.65,4.84,14.38,2.0,134904406016,0.889,0.0010036276473147445,0.010628110632318792,0.4842424183316356,0.08607906833429779,0.21110468478889532,0.36720556708502056,Medium
TMO,Health Care,1.44,4.89,6.47,12.81,3.0,234602758144,0.778,0.0003486617413230387,0.013745747150447596,0.11188042855467341,0.19292051372480035,0.16570271833429728,0.4494712209011613,Medium
TMUS,Communication Services,4.19,13.38,7.07,24.63,3.0,240183296000,0.507,0.0009131164426666285,0.010614254061385896,0.42922907664238585,0.08560420346213649,0.5075187969924811,0.24835500328028945,Low
TPR,Consumer Discretionary,1.1,8.57,5.18,14.84,2.0,9963964416,1.552,0.0003414936487721187,0.020535847230982705,0.05511200846601432,0.42561733477241886,0.22440717177559283,0.5656075321532141,High
TRGP,Energy,14.23,14.75,4.24,33.21,2.0,33304543232,2.252,0.0018653391236297713,0.014754918473381368,1.079263846054912,0.22750482852927406,0.755639097744361,0.23424725801982005,Low
TRMB,Information Technology,3.76,3.43,5.23,12.41,0.0,14239768576,1.484,0.0004353992466681208,0.01794898090734895,0.1203557378702801,0.3369653910830593,0.15413533834586468,0.5405250993114897,High
TROW,Financials,2.39,8.95,5.57,16.91,1.0,24022775808,1.427,7.027447183687259e-05,0.016747430839132365,-0.02849290487287989,0.29578825409135906,0.2842683632157317,0.4637656071685228,Medium
TRV,Financials,1.01,9.3,10.02,20.33,1.0,55218700288,0.629,0.0005656376753050488,0.013468930580532876,0.2188435938200272,0.1834340061522367,0.38316946211683056,0.35679261884460983,Medium
TSCO,Consumer Discretionary,3.43,8.19,4.47,16.1,2.0,29852745728,0.799,0.0005511382174389403,0.01526499784941015,0.19880812157586555,0.24498525560340584,0.26084441873915565,0.44265338586638125,Medium
TSLA,Consumer Discretionary,3.31,14.08,7.85,25.23,3.0,727962550272,2.29,0.0022325211544508964,0.03454995522822834,0.9806660835578925,0.9058810042469452,0.5248698669751302,0.733580655758115,High
TSN,Consumer Staples,14.02,12.39,9.51,35.92,4.0,22008092672,0.777,0.00015856833004291974,0.01600958590705365,0.01116350788532743,0.27050229834926315,0.834008097165992,0.2286981401431611,Low
TT,Industrials,4.39,5.71,5.11,15.2,2.0,84535984128,1.212,0.0019204555086258708,0.01621020926747679,1.1084358784812198,0.2773776636081911,0.23481781376518218,0.47249947265884185,Medium
TXN,Information Technology,7.76,5.96,6.93,20.65,2.0,183878336512,0.976,0.0007768277938198945,0.015721804839149183,0.3132772962485222,0.2606400372831816,0.39242336610757667,0.3994146759268783,Medium
TXT,Industrials,10.92,16.08,6.61,33.61,2.0,16617225216,1.231,0.0007341819401281718,0.0147978086320396,0.298035783879001,0.2289746748431169,0.7672064777327935,0.23050221381275274,Low
UAL,Industrials,10.78,12.79,5.04,28.61,2.0,17309820928,1.434,0.0007163299307321279,0.025130401948415204,0.18355286210971114,0.5830727867090899,0.6226142278773857,0.5007979808744996,High
UDR,Real Estate,3.72,3.91,6.29,13.92,1.0,17647726592,0.841,0.00044025823280518205,0.01401358380529712,0.15340757049850154,0.20209927948735162,0.19780219780219782,0.4421386885715319,Medium
UHS,Health Care,3.7,20.68,8.6,32.98,3.0,15676926976,1.282,0.0013616213852720284,0.016328678759916636,0.6686768123008459,0.281437614706836,0.7489878542510121,0.2692674271236968,Low
ULTA,Consumer Discretionary,4.08,7.25,4.28,15.61,2.0,18704535552,1.312,-0.0005070446974279449,0.019254315401682598,-0.2518711857071902,0.38169922175309307,0.2466743782533256,0.5303497817505256,High
UNH,Health Care,0.03,9.67,5.59,15.3,3.0,533698674688,0.595,0.0004119027521437565,0.014299941109774518,0.13797623696100852,0.21191274816164607,0.2377096587622904,0.43206378539207146,Medium
UNP,Industrials,7.3,10.55,5.6,23.45,2.0,154462158848,1.053,0.0005926465412573028,0.013460720960321053,0.23369300548671001,0.1831526623572055,0.473395026026605,0.3205335870036813,Medium
UPS,Industrials,4.17,8.91,5.49,18.57,2.0,110421450752,0.977,-0.0006101293625352769,0.016144192623789685,-0.2666019856970615,0.27511527234149097,0.33227299016772704,0.43215996733780376,Medium
URI,Industrials,5.32,6.13,5.42,16.86,1.0,51007975424,1.681,0.0020375081204446564,0.02384677158907535,1.078046669626227,0.5390827570370889,0.28282244071717755,0.6103206779353822,High
USB,Financials,1.75,15.5,13.01,30.26,3.0,69739225088,1.054,0.00037314154294421087,0.021810329418729988,0.05801971747312536,0.4692938564809524,0.6703296703296704,0.41344444575670325,Medium
V,Financials,1.81,8.22,6.65,16.68,3.0,567340761088,0.963,0.0007367958083776534,0.009802217301286803,0.33261003872196404,0.05777569277632999,0.2776171197223829,0.32361856777684483,Medium
VLO,Energy,20.15,7.42,4.99,32.56,2.0,43507605504,1.381,0.0006735601064066046,0.019613908428955877,0.22234250756790297,0.39402247963220044,0.736842105263158,0.3416766456740571,Medium
VMC,Materials,13.42,6.81,9.05,29.28,2.0,32370546688,0.815,0.0009024545938785077,0.014721537486285215,0.39244746289064364,0.22636086165270713,0.6419895893580104,0.2790206812484201,Low
VRSK,Industrials,0.05,12.49,4.98,17.53,1.0,38368903168,0.863,0.0011124193131864764,0.012579386886203631,0.5384008850682929,0.15294933178834175,0.30219780219780223,0.37089047819388415,Medium
VRSN,Information Technology,4.74,10.77,5.79,21.3,1.0,17847136256,0.903,-0.00015616032066024886,0.01164194938859451,-0.08924328662772507,0.12082333614215002,0.4112203585887797,0.30800585824977816,Medium
VRTX,Health Care,0.75,15.4,6.57,22.72,2.0,126323048448,0.406,0.0014203063280392018,0.014247261062680589,0.7337599947419541,0.21010740223949437,0.45228455754771546,0.34515061832461047,Medium
VTR,Real Estate,3.42,3.89,5.56,12.86,0.0,26731040768,1.388,0.000873338994798396,0.015494677201877905,0.36896632295713794,0.2528563701003383,0.16714864083285136,0.48485436572706253,Medium
VZ,Communication Services,3.74,9.59,5.39,18.73,3.0,185555648512,0.407,0.00019836275424606664,0.014257926456500125,0.04137586968111449,0.21047290542907787,0.33689994216310004,0.39152376639220665,Medium
WAB,Industrials,5.36,11.99,5.98,23.33,2.0,30504617984,1.273,0.0013612366431305623,0.013339704203145744,0.6997795077495785,0.17900541646183032,0.4699248120300752,0.3194333250650681,Medium
WAT,Health Care,1.35,8.19,5.09,14.62,0.0,19528284160,0.955,0.00018328135229020537,0.01886279485715236,0.002199165987669164,0.3682818074283489,0.21804511278195488,0.5337510393442274,High
WBA,Consumer Staples,1.79,9.29,5.18,16.25,3.0,7821272064,0.683,-0.002997002491695452,0.025403654092752855,-0.7512772158760751,0.5924371413692064,0.2651821862348178,0.6493894103275968,High
WDC,Information Technology,1.48,3.91,6.05,11.43,2.0,22630051840,1.38,0.0020630198545256904,0.024429287430287126,1.0881883685616964,0.5590455827468945,0.12579525737420477,0.6851092466984549,High
WEC,Utilities,13.36,8.96,5.13,27.46,1.0,30387875840,0.435,4.530448757733829e-05,0.012202702669748641,-0.012000901007475445,0.1400403586261993,0.5893580104106421,0.24828101101146277,Low
WELL,Real Estate,4.24,3.49,5.5,13.23,1.0,78689722368,1.201,0.0015069660712517142,0.013668050153153484,0.8025392950872167,0.19025783658295464,0.17784846732215154,0.4430153150209122,Medium
WFC,Financials,2.05,14.75,19.43,36.24,5.0,185539510272,1.161,0.0009451764630758984,0.016698589232269682,0.39913854845067065,0.29411445156753707,0.843262001156738,0.23916387047782706,Low
WM,Industrials,8.09,5.24,3.32,16.65,2.0,83601956864,0.753,0.0007793824959732546,0.010849081119642057,0.3503151941314831,0.09365172990564452,0.2767495662232504,0.34549121145408657,Medium
WMB,Energy,8.72,10.13,2.96,21.82,2.0,55497883648,1.079,0.0009199343096387159,0.012057541178203984,0.42363913796151603,0.1350656723593791,0.4262579525737421,0.31053622238613066,Medium
WMT,Consumer Staples,5.86,12.36,7.05,25.26,3.0,631806427136,0.515,0.0012024042681579629,0.01046242068378435,0.613440112974539,0.08040087157044834,0.5257374204742626,0.23794555475256396,Low
WRB,Financials,1.97,7.95,11.91,21.83,1.0,22357321728,0.623,0.0006022755993951966,0.013979442489736503,0.233811016696738,0.20092925614408552,0.4265471370734528,0.3499386988570702,Medium
WTW,Financials,0.07,7.83,10.76,18.66,2.0,29749815296,0.745,0.0005103109219928375,0.013449956907794542,0.19141036820993823,0.18278377813240754,0.33487565066512437,0.3757200066133948,Medium
WY,Real Estate,9.05,4.18,3.45,16.68,2.0,24183224320,1.418,7.628243008980004e-05,0.01456464803227784,-0.011989657547488293,0.22098425795461618,0.2776171197223829,0.42154370688381654,Medium
WYNN,Consumer Discretionary,3.37,11.75,10.58,25.7,2.0,8879360000,1.799,-9.239243476201473e-05,0.018215275729646246,-0.10197410693486203,0.346091318223317,0.5384615384615384,0.3922701755493748,Medium
XEL,Utilities,12.7,9.26,4.49,26.45,2.0,35992227840,0.397,-0.00023246912492187594,0.013449755847435563,-0.12615955745809523,0.18277688779120227,0.5601503759398496,0.28560598229878154,Low
XOM,Energy,23.11,10.01,8.48,41.6,3.0,507282325504,0.878,0.00034641165398546103,0.014301993264986696,0.10731386795539008,0.2119830755483571,0.9982648930017353,0.12788388812832016,Low
XYL,Industrials,4.27,8.66,5.19,18.13,1.0,32338771968,1.037,0.0006178883158653995,0.014021423091573709,0.24169371728740435,0.2023679319334435,0.31954887218045114,0.39360121028788564,Medium
YUM,Consumer Discretionary,4.53,11.45,4.12,20.1,2.0,37833572352,1.081,0.0001970405813413918,0.010123144872080806,0.06269690565432726,0.06877388494206516,0.3765182186234819,0.2906570435158463,Low
ZBH,Health Care,3.6,14.52,7.89,26.02,2.0,21635987456,1.026,-0.00015362942710842834,0.012655244225951549,-0.09286612042886692,0.15554896384134653,0.5477154424522845,0.2742432013238941,Low
ZTS,Health Care,3.24,6.81,8.72,18.77,2.0,88666619904,0.883,0.0006666356850758943,0.0163040513797438,0.2495062844179977,0.28059363405721666,0.33805668016194335,0.43313350836955267,Medium
