environmentScore,socialScore,governanceScore,totalEsg,highestControversy,marketCap,beta,avg_return,volatility,momentum_6m,gmm_cluster
-1.0621831222456437,-0.7245192165613893,-0.1784867849372809,-1.148831700241722,0.1290960023594171,-0.1354191718166452,0.0434301633083887,-0.7521234945353839,0.0472450107432752,-0.8559171194254671,1
0.957951729988013,0.7048365289819364,-0.985929149554156,0.695707687854994,0.1290960023594171,-1.6869642160423388,0.9549046968834026,-0.9500358578644664,1.687473696519977,-1.2015579769265754,3
-1.52133287151918,-0.4594188201604284,1.2839393896149305,-0.6292840205103105,1.2289939424616518,3.920612355738832,0.4907501190998202,1.0941826185640562,-0.6237554055993734,1.236652886998082,1
-0.4879565759990027,2.2189150816224767,1.635941039627751,1.2152553675864055,1.2289939424616518,1.8396711910836436,-1.0027213462038305,-0.1336050648394529,-0.8802179724452567,-0.0971862190252727,1
-0.5286861493882696,1.4126819173102754,0.875958763895411,0.47511761154445,1.2289939424616518,1.372985292129477,-0.7550119083193282,-0.5959053029278244,-0.9516164158716494,-0.6005138697941307,1
-0.8740789512055325,0.2812224934958645,1.811975071819215,0.1311712425602477,0.1290960023594171,-0.0663964970894512,-1.0580351041780398,1.0803875510261736,-0.3969620589591566,1.200692796371109,1
-1.2500134203113298,-1.2191910902580276,-1.227934821908352,-1.7003068910180807,0.1290960023594171,1.397587403633562,0.4883451731009418,0.0279601040776746,-0.488416261112969,0.0490995159179415,1
-0.6596437907325624,-0.8420379489865575,-0.7330129619754921,-1.2301017283561329,0.1290960023594171,1.4811494754902588,0.6254270950370255,1.0450962536560406,0.9925645816972593,1.0073782694343778,2
0.8801520415297389,-0.6534613783508225,0.2725827717895659,0.1979287656542281,-0.9708019377428176,0.8146459079722498,0.0891241372870831,0.4907956423013282,0.3439047088189516,0.4772919116626536,3
1.546068785054156,0.2948874623825122,-0.8219089440768408,1.4851879609664125,1.2289939424616518,-0.427854707282007,-0.7742514763103575,-1.6803869615332594,0.4031137842035719,-1.598306450111441,0
-0.343771556838269,-0.9650226689663848,-0.5252801495953522,-1.1227091912049472,-0.9708019377428176,0.8313744134067317,-0.5626162284090348,-0.2620251866865578,-1.0354002813025238,-0.2273979743177829,1
-0.0873513087135419,-0.2407793179740689,-0.8997694977255222,-0.6960415436042904,-2.070699877845052,0.2066378396201799,1.058317374835185,0.4060601645176379,0.4830403704035304,0.3642085828014393,1
1.248302154943303,-0.0002758655690732,-0.6707462100919317,0.8147102290225241,0.1290960023594171,-0.6455941067384053,-1.3899176520232956,-0.887521275505191,-0.8397429406319084,-0.9170681424549804,3
1.2312974491363495,-0.2653762619700343,-0.5912724390209946,0.6652314273120898,0.1290960023594171,0.1766832391227331,-1.2095467021073956,-0.5228643731039944,-0.8406753287946291,-0.5287299162181397,3
1.2842152650992205,-0.2435123117513983,-0.6645744183322094,0.7450502049244576,0.1290960023594171,-1.114901416781362,0.062669731299418,-1.930516670275796,1.1592083660140924,-1.7665133443924323,0
-1.664221385422986,0.0188550908722333,1.10488274594504,-0.468195214783532,-0.9708019377428176,0.2681757942499398,-0.2090891665738713,0.5801898198385135,-0.8094306342401049,0.6842249037004472,1
-0.7874863530685218,0.1637037610706963,2.4038186484164727,0.380786328911652,0.1290960023594171,0.026035172003551,0.0939340292848404,-0.0552523437195985,-0.3397477652604169,-0.0564541928151779,1
-0.7968123948513964,0.4779980454635883,2.0542174833439826,0.3706275753973506,0.1290960023594171,-1.3898815361122037,-1.137398322141036,0.6183226103590269,-0.2953218148977735,0.6850706199149904,1
-1.8811126232793645,0.5053279832368832,1.5639091378560863,-0.0574913227053488,0.1290960023594171,0.3249176120319845,-0.7381772863271775,0.5953897972819262,-1.1566783736246569,0.7268788124333192,1
-0.280627889160099,-0.5414086334803132,0.2483183617789147,-0.6597602810532142,-0.9708019377428176,-1.0274595461621217,-0.8656394242677465,-0.095206109402766,-0.0883120459628898,-0.1249851928557371,1
1.45559084371491,-1.15359923960212,-0.0554126566985089,0.7276351988999409,0.1290960023594171,-1.3527178548250065,1.2194487567600554,-2.651118456124102,3.4392226718951537,-2.1752881076173507,0
-1.1155856381838776,0.2894214748278533,1.808726897522868,0.0702187214744393,0.1290960023594171,0.0809401165994083,-1.3442236780446009,0.3066322965601641,-0.2425353104874141,0.3339739160880872,1
1.0614970047183987,-0.8830328556465,-0.8026867221706304,0.0324862084213203,-2.070699877845052,-1.1982183072161798,0.2093714372310164,0.1016596648060555,-0.2558886194236021,0.109165235348505,3
0.1091584492387227,-1.6674020697400649,-0.6522603570986023,-1.2794442454255963,-0.9708019377428176,1.1167127755823671,1.214638864762298,1.6343484188114548,1.5306713592024686,1.5828934581596588,2
0.8034967994295135,-0.153323517099525,0.1497062331723041,0.3401513148544465,-0.9708019377428176,-0.1522431040217929,0.3296187371749497,-0.1154391446330759,-0.9084313396516432,-0.0751736657301215,3
-1.3124453032760215,1.204974390233234,0.6281896923795011,0.0586087174580952,1.2289939424616518,1.2451703160786218,-1.0363905901881318,0.0546191002403716,-0.4384003584549984,0.0759119313738547,1
-0.6023761801665721,-0.3391670939579306,1.6291384741257835,-0.1866526173871803,0.1290960023594171,-0.0338118314552091,0.7456743949809589,0.4212676020432392,-0.4611081354109124,0.4797633593810735,1
-0.3117949115318914,-1.7001979950680188,-0.7267408973570659,-1.5464743378015176,-0.9708019377428176,0.8176315485854946,-0.4952777404404324,-0.4999961919915059,-0.0928006939709268,-0.5693685198524215,1
0.4082768451286789,1.7269762017031671,1.2276908725628417,1.3139404017253329,1.2289939424616518,3.4440512545624387,0.2646851952052255,1.5830431800677345,0.635379960725038,1.646317079897377,2
-1.57299212783969,-0.0522027473383334,0.4659997052214298,-0.7091027981226777,-0.9708019377428176,0.8269442982499572,0.0891241372870831,2.8079911881991744,2.418708028398082,2.739374109284826,2
-0.1329006563141958,-0.4785497766017347,-0.7835597387487127,-0.8223003372820358,-2.070699877845052,-0.4662844029349785,0.1877269232411087,0.2804384051338126,0.35008375733589,0.2499742559573355,1
0.5955263309034948,0.764962392083185,-0.0083014356776909,0.5636438921690765,-0.9708019377428176,-1.241557084387361,0.2670901412041044,0.4072619517233166,0.0082220937550684,0.42190393251469,3
1.8716215272425905,-0.0522027473383334,0.719746274326651,2.503965813400633,0.1290960023594171,-1.4651437574154795,5.3078569548537855,-1.7180256576175936,1.2555907969575286,-1.6637955088612384,0
0.6356479918420002,-2.0691521550075005,-2.069796764889513,-1.3491042695236628,-0.9708019377428176,0.3121098038404707,-0.5000876324381898,-0.8762619038102327,0.0948090030978842,-0.9850949360874628,3
0.6209401510867628,-1.2109921089260394,0.5614366472269977,-0.2882401525301936,0.1290960023594171,0.4723294701017678,0.5051797950930922,0.9861599270999252,-0.6688611027567027,1.1200164733015547,3
-0.8840873935509119,-1.402301673339104,-0.6645744183322094,-1.5813043498505508,-0.9708019377428176,-0.9427648917526076,1.8206852564797216,-1.2594077783635196,1.1029525216633744,-1.373313908690752,0
-0.0282915423096055,-1.4788254991043297,-0.0606829031463338,-1.1125504376906457,-2.070699877845052,-0.6863356956457701,0.3296187371749497,-1.081869709060771,0.7651639190039542,-1.2122336509295064,2
1.4127946214742495,1.1885764275692567,-0.0396449495904859,1.8944406025425524,0.1290960023594171,-0.7020210595365745,-0.8800691002610186,-0.2385433807597165,-1.2332069016244769,-0.1867597884839251,3
-0.2930001704644075,-1.9188374972543785,-0.9926371528465772,-1.7119168950344252,-0.9708019377428176,-0.3030865893559625,-0.1201061646153606,0.2967806002999817,-0.7601837825931946,0.3690027738543469,1
0.6238958106762779,-0.8393049552092281,0.1044954440809853,-0.2287388819464286,1.2289939424616518,2.5721780459854453,0.3536681971637365,2.7263967192828056,1.733949787104572,2.760284494032362,2
1.1141478290568074,-2.219466812760623,-1.762844030085806,-0.796177828245261,-0.9708019377428176,-0.8731828719198574,-0.338956250513319,-0.1251618217574606,-0.8187413374770158,-0.0920040445976962,3
0.8522692863537553,-0.4074919383911679,-0.8283376798230443,0.0092662003886315,-0.9708019377428176,-0.4183290164136197,-0.8295652342845669,-0.8900931884592669,-0.7062017522883727,-0.9281085711878208,3
-1.9271378577398424,-0.0604017286703222,1.4048747770883814,-0.4275602007263265,0.1290960023594171,1.2944123551488298,0.4234116311312175,1.010585192476724,-0.1929340164114401,1.1061226570098368,1
-1.858729613423673,-0.5468746210349721,-1.665720544671289,-1.529059331777001,0.1290960023594171,0.1282155758993,-0.7862762063047508,0.1086230240933681,-0.7164228703672498,0.1575148847835979,1
0.8274992026222826,3.6646687898297783,0.8593724658847133,2.6186146030620345,2.328891882563886,0.677607669040968,1.296407028724173,-0.8985325725193414,0.5776011370940655,-1.0446104393433198,3
-0.7508730483158587,1.6449863883832825,1.998935561245064,0.9787015357533886,1.2289939424616518,1.7410350486160686,0.7312447189876868,-0.0624862340693245,-0.1834315000534883,-0.0783680061382346,1
0.6616872344736499,-2.271393694529883,-1.7383331228335694,-1.3723242775563516,0.1290960023594171,-0.7476513615037348,-0.3798403324942563,0.013645311481265,0.3537941053213487,-0.0474192486963212,3
-0.3340910485441278,1.2377703155611877,0.3492196294383164,0.2922600482870261,1.2289939424616518,-0.7416361722255189,-1.065249942174676,-1.416012664006267,0.5772925757538596,-1.4410562119713477,0
1.186327447212114,0.3222174001558071,-0.2999989740819428,0.9787015357533886,0.1290960023594171,-1.8137396421259775,1.724487416524575,-1.3670623327846616,1.989575608236325,-1.5197038248546757,0
-0.480693831466003,0.0051901219855856,-1.2350772012324185,-0.8223003372820358,0.1290960023594171,-0.7056498147236859,1.0655322128318212,0.0836314233072603,0.5729485190617193,0.0065019084307891,1
-0.2683787171741252,1.2514352844478354,0.3444741403054616,0.3285413108381023,1.2289939424616518,0.3526931842396271,-1.4163720580109609,-0.8555342558452627,-1.001663527821559,-0.8751778078546824,1
-1.0621831222456437,0.2210966303946159,0.4243646769578166,-0.4725489662896608,0.1290960023594171,-1.3452520828179797,0.8947810469114357,-1.429116312246125,0.3742792946346774,-1.4334421716566366,0
1.3780931619664945,1.1448485271319848,-0.6584124778005518,1.6491792676972774,1.2289939424616518,-1.104243558778913,-0.9594323182240144,-0.434738524377052,0.1104450644656892,-0.5172963356334728,3
-1.5555303935377178,1.4728077804115245,0.4567862046106954,0.0992437315153002,1.2289939424616518,-0.4227052012053035,-2.628464841445808,-1.4753889340873412,-0.3065736393902317,-1.421265176646582,0
-1.0110012258332666,0.029787065981551,0.2822459931641587,-0.6031615114735356,-0.9708019377428176,-1.4726346595366169,-0.2138990585716286,-1.1620311254439373,0.9790144361856328,-1.296754708525005,0
-1.0563900215422468,0.2156306428399566,1.4905076025560593,-0.090870084252339,0.1290960023594171,0.1156599764139584,0.0746944612938111,0.4608197009943657,-0.6342060190136396,0.5385438006286414,1
-1.146286272360031,0.2894214748278533,0.7923053298391307,-0.3375826695996573,1.2289939424616518,0.9906009687393312,0.8755414789204063,1.2915439096208694,-0.0116772616990513,1.3952901239272704,1
-1.1970576587338924,-0.4676178014924168,1.50811116668177,-0.4798052187998762,0.1290960023594171,0.9801404864159512,0.6759309610134773,0.0081685143322602,-0.7793170490719223,0.0522798508212118,1
-0.9565219100667244,1.4482108364155586,0.3158780471541101,0.1718062566174527,0.1290960023594171,0.7146240293862954,-1.3899176520232956,-1.7286404528987749,-0.4308704706218511,-1.5715536526455265,0
0.039981170615073,-0.4293558886098039,-0.8671365483511043,-0.7149078001308503,0.1290960023594171,-0.5722916654078137,0.0554548933027817,0.6456499254028188,-0.9283913495437384,0.7667838751875357,1
-1.836746321609537,0.1910336988439912,1.7099886527094978,-0.1561763568442761,-0.9708019377428176,-0.4111603314500988,-0.4976826864393111,1.108569319691336,-0.975226015221786,1.2798956568382696,1
-0.495262423125717,0.7594964045285261,1.1009813257812937,0.2255025251930457,0.1290960023594171,0.901445734033,-0.5746409584034281,0.9805786789394784,-1.011911541656048,1.1416913978772385,1
-0.386623034922109,-1.3285108413512077,-0.3965864018428476,-1.301213002956242,0.1290960023594171,-1.6673722092158345,0.3512632511648575,-0.6575628244568377,0.697559851145343,-0.8295659921373154,2
-0.4379948125597266,0.1363738232974015,1.939710626121927,0.2661375392502512,0.1290960023594171,1.2949159994287152,1.116036078808273,1.2945033103915824,0.8247789227447471,1.3043526640353058,2
-0.431020110459263,-1.243788034253993,-0.5491470257602054,-1.3128230069725866,-0.9708019377428176,-1.065700630783378,0.3921473331457951,-0.0647801798633649,1.731105243547325,-0.3167977677865269,2
-0.7197060259440665,1.27876522222113,2.6283426929599383,1.115119082945435,2.328891882563886,0.8246739574700681,0.95971458888116,0.2849489281174586,-0.1489930026443569,0.3006300923155596,1
1.0416832767569313,1.7351751830351556,-1.0263531306818658,1.3458679127702795,0.1290960023594171,-0.9931983230593068,-1.7482546058562167,-1.3256341517565586,-0.8975358300651515,-1.283409179906927,0
-1.0334864468836085,-0.4758167828244053,-0.0396449495904859,-0.97177913899247,1.2289939424616518,-0.4696208230641432,-1.0099361842004666,0.4453708576941141,-0.7175742933505357,0.5289622849232963,1
1.011890218856317,2.355564770488951,0.7625930507161389,2.1208356808612687,2.328891882563886,1.206800114179225,0.1276032732691417,0.5571854136351421,0.1025262513731375,0.5759935043666786,3
-0.8790730011689643,0.6747735974313116,1.7199768987043929,0.2966137997931554,0.1290960023594171,0.8592605261181075,-0.8704493162655038,0.0410892757458643,-0.9895306251887664,0.1043893925343833,1
-0.3666599224034659,-0.4074919383911679,1.729939368551944,-0.0879675832482529,-0.9708019377428176,-0.6638826444678749,-0.8728542622643826,0.721218564684109,-0.9966116458563926,0.8549493484547999,1
-0.8790730011689643,-1.9625653976916504,-1.0672048867475137,-1.970239484398088,-0.9708019377428176,-0.2107971287852809,0.8755414789204063,0.5243508165260861,0.2420216605912951,0.5263937656238699,1
0.0136094748653744,-2.0226912607928997,-1.270988668785591,-1.6625743779649615,-2.070699877845052,0.1156927921609565,-0.4207244144751937,-1.2379708347002114,-0.0900448738515214,-1.2661282691666942,2
0.8956369202638846,0.2894214748278533,-0.8541602170627419,0.4257750944749864,1.2289939424616518,-0.6235241173253206,3.98513665547052,1.8814924291677508,2.906433460093805,1.6313408949969437,2
-0.5063031395325782,-1.1454002582701317,-0.9525628664447248,-1.383934281572696,-2.070699877845052,0.4503921988002549,-0.0383380006534859,0.9494614786977588,0.4721734226466271,0.9689208423818712,1
-0.452063898581561,-1.601810219084157,-1.921801790726051,-1.7917356726467928,-2.070699877845052,-0.3990385928613842,-0.0070737026680635,0.0327310596380845,-0.2469587462847019,0.0279873136673436,1
1.402643335813332,-0.8775668680918409,-0.4779845513179664,0.6637801768100465,0.1290960023594171,-1.1106916532825457,0.6206172030392683,0.1389322765121622,0.4332341354947519,0.0788000601697861,3
1.514257412169006,-0.3664970317312254,-0.5671445172077623,1.1281803374638222,-0.9708019377428176,-1.0488705120281732,-0.2163040045705073,-0.5266108644470334,0.4960596402510209,-0.6625456493719695,3
-0.6512977816278973,0.2948874623825122,1.983437929338177,0.2879062967808968,0.1290960023594171,-0.8526223667566919,0.7023853670011428,-0.2058513675046494,1.4357982426533034,-0.4328316937955486,2
0.5556140790396984,-0.7545821481120139,0.1145881424399527,-0.2461538879709453,-0.9708019377428176,-0.5337438966290352,-1.1927120801152449,-0.0755995744145712,-1.1892540811573336,-0.0101788810455696,3
0.1618309382779111,0.0598499975321753,-0.6399854503388155,-0.3245214150812699,-0.9708019377428176,-1.2532572007482068,-0.5073024704348257,-0.1748061488789042,0.4555500306702645,-0.2675048989619505,1
0.4170386730610319,0.4506681076902935,0.7154353247737467,0.4591538560219765,0.1290960023594171,0.0568588292371866,0.0362153253117524,-0.4212798836657404,1.2948709343270763,-0.6513539531116371,2
-1.9628224324389003,-0.8420379489865575,-0.431261379788262,-1.4376305501482889,0.1290960023594171,0.7346852407985129,-1.2672654060804835,-0.2693038611757761,0.0559288370771501,-0.3271719391106458,1
-0.7374190168297589,0.5189929521235308,2.40938527508174,0.588315150703808,-0.9708019377428176,-0.7025527124761624,-0.8776641542621398,0.1611658300495907,-0.2847494260939486,0.1790241381004965,1
0.7606627010655395,0.6119147405527336,0.0536323246007686,0.6695851788182191,0.1290960023594171,0.5746254029209329,-1.5318094659571366,0.1395655041910894,-1.5120966663003887,0.247597554440103,3
0.6787456824075061,-0.131459566880889,-0.633862602229827,0.0107174508906743,0.1290960023594171,-0.740964857152638,-1.546239141950409,-0.3365090172746044,-0.3439485828042341,-0.3634347750629362,3
-0.0158189773811394,0.4998619956822243,0.8343586315657956,0.2226000241889597,0.1290960023594171,1.0966384348003455,-0.0623874606422726,-0.3431235844255297,-0.4321271953143459,-0.36449556589409,1
-0.5825523761389453,-0.7081212538974122,1.2163421482993009,-0.5451114913918134,-0.9708019377428176,0.4915384532533663,-1.142208214138793,0.0058908400139295,-1.1688356935788515,0.0786338904189617,1
0.5399119321257634,0.1418398108520603,-1.329151048401579,-0.1300538478075013,0.1290960023594171,0.5079892646045131,0.5292292550818789,1.4843325623251962,0.1583561510701179,1.5919319476341662,3
0.339567086757609,-0.363764037953896,-0.2664781707922325,-0.3274239160853559,0.1290960023594171,-0.0996237020566369,-0.1465605706030259,0.1189710624382445,-0.286133325930449,0.1309787125003138,1
0.9202466538522672,-0.6097334779135506,-0.6769278846289083,0.0208762044049757,0.1290960023594171,-0.7189135267797756,-1.522189681961622,-0.5140601360944538,-1.0258759629513006,-0.5051674715967385,3
-1.8811126232793645,1.1503145146866438,0.0382417862488765,-0.241800136464816,0.1290960023594171,-0.1233445308128791,-1.3273890560524504,-0.6530960355815275,-0.0441113843888251,-0.743401498911227,1
1.254508305209686,0.4370031388036458,-0.7392952333756677,1.0411053073412395,0.1290960023594171,-0.8398121092856871,-0.295667222533503,-0.9163450478743144,-0.8519176051765135,-0.9436753639867846,3
-1.836746321609537,0.8770151369536943,1.5430792945678835,0.1369762445684197,1.2289939424616518,0.1693155483614788,0.988573940867704,0.7622959226578071,0.4617874686278943,0.7637468138519592,1
-0.3766010124507752,-0.0740666975569694,-0.2553689403244799,-0.5930027579592342,0.1290960023594171,-0.6722577596969744,-0.1321308946097539,0.0644414979284695,-0.1830771840610475,0.0642728186145529,1
1.609317127842092,-0.2735752433020226,0.855214732662724,1.7928530673995386,0.1290960023594171,0.9219180400840976,0.4618907671132762,-0.611468188452548,-0.1378335872739896,-0.6879620448025328,3
-0.8252220778577782,-0.9677556627437144,-0.431261379788262,-1.2779929949235531,1.2289939424616518,0.0239014020784203,-1.4308017340042327,0.3837078786453179,-1.3229387932246486,0.5051786369978202,1
0.4964876337840619,0.5873177965567682,-0.4897542400793285,0.2516250342298206,1.2289939424616518,1.9900033656413223,-0.5962854723933361,1.2814063764004922,-0.9691249876673296,1.4697288974016467,3
1.0583896451526555,-0.2517112930833867,-1.185355843317914,0.2821012947727247,0.1290960023594171,-1.0064361335953087,-2.0705173697059576,-1.0285546689516942,-0.6743243711214238,-1.0575974362998632,3
-0.869105079276763,-0.0303387971196974,-0.4662506367417465,-0.801982830253433,-0.9708019377428176,0.0530061917202511,0.5653034450650586,0.9067926016729484,-0.7680021733132935,1.0420815310677325,1
-0.0059311199829772,-1.4050346671164335,0.8091816623921033,-0.7932753272411749,-0.9708019377428176,-1.139135363182941,-0.288452384536867,-0.2943657919485319,-0.4331314172395809,-0.3108306323272599,1
-0.630677004205941,-0.4348218761644628,-0.5852263063466561,-0.9688766379883836,-0.9708019377428176,1.530346063930349,0.627832041035904,1.319567600959875,0.9013253291583868,1.3153861060430765,2
-1.529793603295534,-0.5933355152495735,0.0382417862488765,-1.115452938694732,0.1290960023594171,1.3569276938431227,-0.5217321464280977,-0.5325955413623865,-0.8829024021783364,-0.5372253099937808,1
0.1894479915086942,0.073514966418823,0.610501437271652,0.0513524649478798,-0.9708019377428176,-0.3367359372075056,-0.5289469844247338,-0.6100204084041121,0.202410188514242,-0.7213895326925227,1
0.5787980340799019,0.262091537054558,-0.9326806512175329,0.0513524649478798,0.1290960023594171,0.330793240589639,0.3680978731570085,-0.3880724686532215,-0.944241191741272,-0.3722301663298942,3
-0.2714296025712813,0.0270540722042216,-0.2999989740819428,-0.5044764773346083,0.1290960023594171,0.5361546236961239,0.6639062310190842,1.0014793598917862,-1.0698575072640937,1.16962977565521,1
1.7758510834154897,-0.1997844113141264,0.5026353768331888,2.106323175840838,0.1290960023594171,-0.914717756804854,-2.0127986657328694,-0.4784038117647914,-0.0026096761000086,-0.5555026878704542,3
-1.0680036135979154,-0.391093975727191,-0.2832021893959193,-1.000804149033331,0.1290960023594171,-0.1624886106170098,0.033810379312874,0.2119999980364605,-0.5481645656749498,0.2583745443951168,1
-1.9508122725161303,1.8280969714643585,-0.140612361364073,0.0600599679601379,1.2289939424616518,0.4279804829729829,-1.221571432101789,-1.994311447011495,0.2599802255680563,-1.751020727055093,0
1.5716226732825953,0.029787065981551,1.6562771090779764,2.1832394524491194,1.2289939424616518,1.5896962822494285,0.105958759279234,-1.1434566551126744,-0.6695788510445686,-1.1551031310850606,0
1.1646388529426774,-0.0631347224476517,-0.448716367732473,0.7029639403652088,0.1290960023594171,0.0585439402826143,-1.043605428184768,-0.9915643507234576,-0.3293320664709987,-1.0488649156511425,3
0.9511816031481224,1.5028707119621487,-0.3451510083707196,1.2631466341538264,0.1290960023594171,-0.38991341220789,0.7528892329775946,0.2165225746177908,0.6058504234163901,0.1434747656304936,3
1.399502947305005,-0.2954391935206586,-0.2664781707922325,1.02223905081468,1.2289939424616518,-0.2630228224916733,0.6951705290045066,-0.0350978750424058,-0.1041994174012233,-0.0587629753627515,3
-0.386623034922109,0.4697990641315995,0.0279472336858425,-0.2330926334525579,0.1290960023594171,0.7894838942238801,-0.2571880865514444,-0.9037393213964612,-0.1211175806231863,-0.9863851262776426,2
-1.836746321609537,0.764962392083185,1.6865817516684236,0.1369762445684197,0.1290960023594171,-0.2643813530257007,0.8995909389091931,0.5440964810925076,1.0508862526099,0.4427272953296343,2
-0.1356332470647799,-0.1396585482128773,-0.501559921828698,-0.5755877519347175,0.1290960023594171,-0.8173003825351529,-1.423586896007597,-3.4735486887203506,2.146662074032286,-2.342691295449923,0
-1.836746321609537,1.0929216453627246,0.7369420930637259,-0.0502350701951334,1.2289939424616518,-0.8936520408309541,-0.353385926506591,-0.6703593082890194,-0.9625306412563288,-0.6822785938188524,1
0.8111271851877115,-0.6589273659054814,-0.4254605448523736,-0.0763575792319083,0.1290960023594171,0.2968100999619215,1.6643637665526083,1.5846431218197166,0.6306814521222716,1.6488973489916752,3
-0.935387800830063,-1.0688764325049056,-0.6094678611897575,-1.4071542896053848,0.1290960023594171,1.344947232943266,-0.4207244144751937,-0.2192139671391054,-0.3611148752384507,-0.234785066884495,1
-1.938918154600108,-0.0303387971196974,0.1397050490204663,-0.8498740968208539,0.1290960023594171,1.1900881167159405,0.8707315869226491,-0.5618494417128902,0.0850202707186578,-0.656412388004731,1
-0.343771556838269,-1.7111299701773366,0.2822459931641587,-1.298310501952156,-2.070699877845052,0.1408785282150593,-1.0027213462038305,0.5589310945822393,0.4406199744430958,0.5405953037842801,1
-0.194465065754397,1.013664825820169,-1.5167708132363364,-0.2142263769259984,0.1290960023594171,-0.982392290102459,-0.3942700084875283,-2.01021773603808,0.7122474812922392,-1.7826717955432811,0
0.7149141848967172,0.9316750125002844,-0.5671445172077623,0.6274989142589703,-0.9708019377428176,-0.5290933653866823,0.4378413071244895,0.266943244309361,-0.5848603874904967,0.3217031725710902,3
1.0353594702426612,0.8551511867350583,-0.0501495953196434,1.10786283043522,0.1290960023594171,-1.0661356503048007,-0.4279392524718297,0.0116183444412774,0.4353940934418921,-0.0656274983624627,3
0.7066614279928726,1.620389444387317,-1.1293046964302025,0.8582477440838152,0.1290960023594171,-0.8066547000387878,0.642261717029176,-0.3361577038647174,-0.954379347629178,-0.3143077396801457,3
1.4282503377113411,0.2648245308318874,-1.006088228906217,1.196389111059846,0.1290960023594171,-0.5196098374539713,-0.8656394242677465,-0.5207598869029971,-0.958992021519122,-0.5174269031498563,3
1.1240198276523017,0.4397361325809752,-0.9525628664447248,0.7914902209898352,0.1290960023594171,0.623828554908981,-1.392322598022174,-0.4367679670850009,-1.2524655806645764,-0.4040552348416732,3
-1.90391015679506,1.3689540168730034,0.913019415788167,0.1456837475806779,0.1290960023594171,-1.10281434373299,-0.4159145224774364,1.5317936857643055,0.953458079526551,1.546898865253114,2
1.6159284843757424,-0.1396585482128773,0.5298857600318874,1.771084309868893,0.1290960023594171,-0.5489581661810977,2.484450352170233,-1.321138063559726,0.5175734397498443,-1.370906904311091,0
0.288306244042496,0.4233381699169981,0.7711056339304655,0.3619200723850925,-0.9708019377428176,-0.4543242539050738,0.3536681971637365,-1.5382868626587214,3.290969445118584,-1.7780836687982184,0
-1.836746321609537,-0.1779204610954904,-1.006088228906217,-1.1996254678132288,0.1290960023594171,-0.1597875016267765,-0.5890706343967002,-0.0727293833606723,-0.9473210421069758,-0.0252621254221013,1
-0.3633639856885086,-0.3883609819498614,0.3822757145477474,-0.5741365014326743,0.1290960023594171,-0.3424599917757661,0.6639062310190842,0.3718989173116167,0.0208235355318583,0.379162573936777,1
0.7893837236409224,-0.8256399863225806,-0.6584124778005518,-0.2461538879709453,0.1290960023594171,0.4105147704026486,0.2406357352164388,0.8995207132039128,-0.7835977233766328,1.0354715102953418,3
0.5509244290722946,0.4889300205729061,-0.1893766508988375,0.3270900603360591,1.2289939424616518,-0.218980620747137,-1.6544617118999487,-0.5366278591773438,-1.1984169265042113,-0.5179781981793328,3
-1.8924586172147997,1.9756786354401517,0.1745964220613416,0.232758777703261,1.2289939424616518,-0.1857936556785815,1.315646596715202,0.6941492902443773,0.3476845980535948,0.6987095783684566,1
-0.91461040250092,-0.656194372128152,1.4799068043429555,-0.5218914833591245,-0.9708019377428176,-0.9277896595020168,-1.0123411301993452,-0.153809089055193,-0.1439958843690207,-0.1844764719798623,1
1.0697451536832878,0.6419776721033579,-0.758203621822265,0.8640527460919878,1.2289939424616518,-0.2978012485211053,-0.2764276545424737,0.2039941527473972,-0.7601347864551342,0.266721502098542,3
0.5649401208225732,0.5408569023421668,0.5071904864159091,0.5694488941772485,0.1290960023594171,-0.3775159585315678,-0.0936517586276952,-3.3468663965050243,1.8742816349478455,-2.2946233039301265,0
-1.90391015679506,-0.8311059738772395,-0.6461180249778778,-1.476814313703451,0.1290960023594171,0.9406855904264116,-0.490467848442675,-0.3602256669686093,-0.5390338174993524,-0.3747763050016957,1
1.2474130024108492,-0.8802998618691706,0.0791476516125656,0.5389726336343444,0.1290960023594171,-1.2065298796255388,0.9957887788643396,0.0177384277705757,-0.0918336810211854,0.000932439587649,3
0.81871056621798,1.0874556578080656,0.058748899138311,0.9874090387656468,-0.9708019377428176,0.2338022010250796,0.6182122570403893,-0.3745400153985804,-0.3109568579049467,-0.4107495127398721,3
1.7700470574463771,-0.656194372128152,0.4382929720071131,1.8291343299506149,-0.9708019377428176,0.3846806961911844,0.6061875270459962,-0.5128845397287983,0.0207562459217905,-0.5960386116304046,3
-0.1521574096324261,-1.0278815258449634,-0.7455877448315554,-1.1140016881926886,-0.9708019377428176,0.5429698752136575,-0.8079207202946588,0.0436683426255791,-0.1250510306027234,0.0341548919250356,1
-0.286798486679872,-1.6947320075133598,-0.2057692654385721,-1.3998980370951697,-0.9708019377428176,-0.3818923317998017,-0.302882060530139,0.027862507884032,-0.7033602291581481,0.0676882090597141,1
1.61526894424335,0.2757565059412056,0.7154353247737467,2.051175656763202,-0.9708019377428176,-0.7693205673347757,0.062669731299418,-0.3386873000672518,1.180887443548212,-0.5406510051449426,3
0.1488725909650733,-0.1396585482128773,-0.5852263063466561,-0.4261089502242832,0.1290960023594171,-0.5818247871265052,-1.005126292202709,-1.2794898394558625,-0.2378521438735686,-1.2879015452119793,0
-0.1466246739027508,-1.7029309888453483,-0.1622093683124038,-1.322981760486888,-0.9708019377428176,-0.7234735086919618,-0.338956250513319,0.3909660242254591,-0.3614889950475958,0.4383172543306998,1
0.3094486027514506,-0.6315974281321866,-0.3908373986605521,-0.5247939843632106,-0.9708019377428176,0.9097765867565166,-0.0696022986389088,1.3403623179935409,0.1610200014118105,1.4318954013975222,1
1.3497737356796855,-0.4840157641563938,-0.6277494498463655,0.7421477039203717,0.1290960023594171,-0.4703365815997615,-0.7526069623204494,-0.3936723541884911,-0.8792524153766977,-0.3834003042568967,3
-0.3244860716432322,-0.2708422495246932,0.5748799164942677,-0.4333652027344986,-0.9708019377428176,-0.1183147738457929,0.2310159512209242,-0.5865426972537302,1.4643230974613182,-0.8882037386561207,2
0.6297859253949304,-0.005741853123732,0.00209010471113,0.1892212626419694,1.2289939424616518,-0.119433238304517,-1.0460103741836466,-1.0466096121331918,-0.8274314630867431,-1.0638359538822193,3
0.0304567004522381,-0.412957925945827,-0.9326806512175329,-0.7250665536451517,0.1290960023594171,-0.8909122326681784,-0.1874446525839632,-0.1942576678842328,-0.5899194040898322,-0.1872032905301044,1
0.0588118494900783,1.1585134960186323,1.5395967008058025,0.88437025312059,0.1290960023594171,-0.8794405228148591,1.8206852564797216,1.000645832302414,2.171358484744356,0.7757904367378964,2
0.0494325155257356,-1.4624275364403527,0.4057150999947664,-0.9224366219230064,-0.9708019377428176,-0.148810117361465,-0.396674954486407,0.0250263508993283,0.4681078732610675,-0.0503712626841509,1
0.637109157150239,-0.7272522103387188,0.9497276631193206,0.1152074870377742,1.2289939424616518,-0.0562837325495159,1.4407037886568927,-0.5708234851011453,1.4403710816678026,-0.838994152123731,2
0.881350125933469,-0.213449380200774,0.3302025716543508,0.4518976035117617,0.1290960023594171,-0.1200455422342653,-0.0960567046265739,0.3921361872761882,-0.6559854810949142,0.4659180801178788,3
1.4457877835436832,0.2429605806132519,-0.0187210234429976,1.4590654519296378,2.328891882563886,0.2722398892848031,2.0563699643698308,-0.0365702182061602,1.1819728672955532,-0.2086936650014914,3
0.0704364082733873,-0.0877316664436171,-0.6399854503388155,-0.4623902127753594,-0.9708019377428176,-0.9008597720979308,-0.6924833123484828,-0.5567945259099822,-0.7296581060054891,-0.5760287351082896,1
0.3469829623630451,-0.1779204610954904,-0.4545522795369254,-0.2722763970077202,0.1290960023594171,0.4205586753484061,0.3584780891614938,0.919922321125334,0.1770302431197525,0.9704316726880928,1
1.0479747638464272,-0.0221398157877091,-0.3508323264284254,0.5810588981935927,1.2289939424616518,-0.5417262753220343,-1.315364326058057,-0.5710393546950564,-1.0592113404235943,-0.5655953049239761,3
0.0280640240378452,-0.3992929570591794,-0.5791896281447809,-0.6394427740246118,-0.9708019377428176,-1.196851591153639,0.0506450013050244,0.3361017056217399,-0.3741043347899614,0.3799647812377557,1
0.0232646743812808,-0.0904646602209465,0.1696312060412302,-0.2780813990158922,0.1290960023594171,0.7202554187215598,-0.2475683025559297,0.9000106977602305,-0.9043477294348468,1.045303199995851,1
0.0160303834679398,-0.2462453055287278,-0.6955325226781236,-0.591551507457191,-0.9708019377428176,0.0064593009498573,0.120388435272506,-0.0206600216013442,0.5317764789518683,-0.1131927316607323,1
-1.0221924995237088,-0.2517112930833867,0.5162846129382209,-0.6844315395879462,0.1290960023594171,-0.4334396778050765,0.4883451731009418,0.2786149144138767,1.0388526287943645,0.1556095800037518,2
1.3748894343868827,-0.0412707722290157,0.4980748861392566,1.3313554077498495,-0.9708019377428176,-1.6178519417003558,-0.4351540904684657,-2.315757503476669,1.8528262362796524,-1.973277696027316,0
-0.5286861493882696,-1.2929819222459242,-0.3338133939853847,-1.325884261490974,-0.9708019377428176,-1.4134103937029734,0.5292292550818789,-0.3313150073949736,-0.5403662380687188,-0.3421921197881932,1
-0.4450092567669444,0.262091537054558,-0.0344033263501104,-0.3854739361670782,-0.9708019377428176,0.2176294566688644,-0.0912468126288166,0.9678999135856676,2.0201221340858964,0.7649570044145394,2
1.5070751769320243,1.3388910853223792,-1.0263531306818658,1.916209360073198,-0.9708019377428176,-0.5188371081406508,0.3007593851884058,-0.2345360313770161,-0.5417375571297094,-0.2366221832240722,3
0.8920807359102448,2.68625701754582,0.2483183617789147,1.978613131661049,1.2289939424616518,0.5570050874148461,-1.0315806981903746,-0.169961244205354,-1.2431388653996978,-0.1098922081414289,3
1.366035948756469,1.7324421892578263,1.8152205154096537,2.756483400756124,1.2289939424616518,1.3271893955787823,0.3440484131682218,2.8656751822454147,0.0206359313396662,3.127805509544313,3
-0.1773671294044392,-0.2380463241967395,-0.5852263063466561,-0.6699190345675154,0.1290960023594171,-0.9546440671244656,0.0578598393016607,0.0430616301702953,0.6985541651321445,-0.057791994738305,2
-1.1339139910557223,1.4400118550835703,0.5704040262265455,0.2051850181644429,0.1290960023594171,0.7422089047556395,-2.0200135037295057,-0.884533774796121,-0.4984545573596325,-0.9388311375041524,0
0.7606627010655395,-0.0959306477756054,-1.463311631628262,-0.0618450742114781,0.1290960023594171,-0.0950101756504649,-2.2725328336117654,-1.1071582497437482,-1.029965380052307,-1.10347093786857,3
-0.8204413664992476,-0.2161823739781035,1.6798679153267213,-0.1750426133708356,0.1290960023594171,-1.4458102098909418,-0.5481865524157628,-0.2829925423073989,3.4124815702794917,-1.0756389779534243,0
0.3227162006054753,-1.164531214711438,-0.1622093683124038,-0.7366765576614959,0.1290960023594171,-0.1999963605046521,0.0001411353285727,0.1010046736083518,-0.1642649157310625,0.1016107137444488,1
0.9455112493746558,0.658375634767335,0.3728599661642627,1.0077265457942497,2.328891882563886,0.1357126103680999,0.9693343728766748,0.585406310225544,0.7403876048142568,0.5352182626949579,3
-0.8300214275143426,0.5709198338927911,2.008204365033688,0.3865913309198241,2.328891882563886,3.446473010048214,0.0073559733252084,1.1923017567949996,0.4190967058857274,1.240658566538544,1
0.1488725909650733,-1.0634104449502466,-1.6897733011319849,-1.145929199237636,0.1290960023594171,-0.8066644279447652,-0.295667222533503,-1.1329357740849262,-0.268312179130346,-1.1737405561421204,2
-0.0952679381041698,0.4397361325809752,0.0536323246007686,-0.0995775872645971,-0.9708019377428176,-0.4404445118166218,-0.1080814346209673,-0.2682255770294939,0.4875792590724728,-0.3777234015024577,1
0.1725263281237166,0.6993705414272775,-1.3438296019166434,-0.1300538478075013,-0.9708019377428176,-0.3013291897955289,-0.0647924066411515,1.3032391876119764,-0.4324919040879798,1.4535905496034145,1
-1.2100845700071847,1.00819883826551,2.102701070980783,0.5650951426711193,0.1290960023594171,1.1036993880016814,0.7625090169731092,0.4766557434711402,-0.438334625681877,0.5392845964356666,1
0.1203192838705574,-0.9622896751890554,-0.2832021893959193,-0.8063365817595624,0.1290960023594171,0.0660898474273277,0.2959494931906484,1.0213434834279531,-0.3171397757897317,1.130835916201096,1
0.9409560855179312,-0.0467367597836745,0.2531834599949077,0.5912176517078941,0.1290960023594171,-0.5299209363213391,2.092444154353011,-1.0891612733121567,0.8090993146345402,-1.223660630573756,0
-1.938918154600108,-1.6919990137360303,-1.4105826470691458,-2.1008520295819624,0.1290960023594171,-1.4194197216258533,-1.0580351041780398,-0.231161661168785,1.022271115836204,-0.3999656887741496,2
-0.64714590036456,0.5791188152247794,1.0181272989267889,0.0411937114335785,0.1290960023594171,-0.7098387549664177,0.07709940729269,-0.3448321236036956,0.8745131829559685,-0.5145439515973289,2
-0.0308012916552882,2.363763751820939,0.3869749907500043,1.0570690628637132,1.2289939424616518,0.7485656030100967,1.5441164666086753,0.7563257782322101,-0.5375978588931926,0.85620671524945,1
-0.1858864134235525,-0.959556681411726,-1.7220785517732602,-1.2939567504460268,0.1290960023594171,1.9388292534479417,-0.0792220826344235,-0.22422427157213,-0.6859862344665382,-0.2121355318537047,1
1.6963249154029192,-0.5113457019296886,0.2725827717895659,1.676753027236095,0.1290960023594171,-0.1227421528590915,0.3079742231850415,-0.5063569537790076,0.3390921988061114,-0.6234700266388599,3
-0.7153173167408556,-0.5004137268203707,0.5524483895613472,-0.7149078001308503,-0.9708019377428176,-0.2707647789086847,-0.2692128165458377,0.5799758075783346,-0.7795446672426816,0.6822196007740313,1
0.427471206919576,-0.5660055774762787,-1.1994967196547963,-0.5799415034408468,0.1290960023594171,0.1510363803413802,0.6590963390213269,0.9644780938113584,-0.7494594895074095,1.1035806225766052,1
0.1269675356420208,0.8223552614071046,0.8842252658195351,0.4997888700791821,-0.9708019377428176,-0.8031387783965863,-0.1249160566131179,-0.4888851176542862,-1.072572553248295,-0.4736071610363419,1
1.070772297362122,0.4151391885850098,0.3015001723464025,1.025141551818766,1.2289939424616518,0.97121714146616,-0.0215033786613355,-0.7974829149672036,-1.2248036030936955,-0.8013532893338654,3
-1.165081013427515,-1.347641797792514,-0.4603970269417301,-1.5769505983444216,0.1290960023594171,-0.6127352116128628,0.4017671171413098,0.0065414470501303,0.755771637136809,-0.1047757943074312,2
-1.858729613423673,-1.09893936405553,-0.1839278780486759,-1.4942293197279677,0.1290960023594171,-0.3016012979378917,0.1131735972758697,0.2854204073732305,0.258838206836339,0.263404243249456,1
1.288524095636394,0.4397361325809752,-0.2332459289294403,1.2254141211007068,1.2289939424616518,-0.871104533249734,-1.8949563117878152,-1.6268992662126671,-0.2192931562981184,-1.521516181548533,0
-0.6347736190602512,-0.9294937498611014,-0.0818361337353044,-1.1038429346783876,0.1290960023594171,-1.4964810396885553,-0.4207244144751937,-0.9969824309616562,-0.346455105379789,-1.0529581205424594,2
-0.2059970622888812,-1.2273900715900163,-0.5074763289996806,-1.1909179648009705,-0.9708019377428176,-0.562628321471863,0.7336496649865653,-0.313763883527671,-0.0601186174273253,-0.3683777155920558,1
1.0215454183722232,0.3632123068157495,-0.7392952333756677,0.6521701727937024,1.2289939424616518,-0.1155514984606938,-1.623197413914526,-1.165767668161493,-0.9958732758513342,-1.1539548332748493,0
0.3358423286128663,0.0051901219855856,-0.8866831973182118,-0.2838864010240643,-2.070699877845052,-0.6753147185780051,-0.331741412516683,0.9781158515302316,0.3854347088731895,1.0085150481293208,1
-1.9749509209653724,2.0877313803106605,-0.3793650130303414,0.1326224930622904,0.1290960023594171,-0.1779058872855012,-1.2672654060804835,-1.5515983512587044,0.6023063809570836,-1.5295598024730312,0
-0.728530663214817,-0.7791790921079793,-0.1567987788864908,-1.0762691751395694,0.1290960023594171,1.3351920339058854,-0.8247553422868095,0.3477184401641466,-0.9234582437618488,0.4378443910485749,1
-0.7644757461420543,0.0489180224228576,1.0735604246339523,-0.2577638919872895,-0.9708019377428176,0.6496044783324249,0.1324131652668991,0.5926484564832005,-1.2715929611456187,0.73217823154436,1
-0.4035098789765543,-0.5386756397029838,1.1204491175341509,-0.4203039482161111,-0.9708019377428176,-0.0813580128107111,0.7120051509966575,-0.0819433105016387,0.3978855466600472,-0.1601051653980192,1
0.9956280057795336,1.2705662408891418,-0.6155521097674489,1.1296315879658656,-2.070699877845052,-1.00035637329487,-0.2090891665738713,-0.9914048032460232,-0.8355480513427119,-1.0139799618735308,3
1.0183354253469667,-0.9568236876343964,0.0994391828166354,0.1645500041072379,1.2289939424616518,-0.5027178748945614,0.4739154971076698,-0.5361811429030906,1.0345845463689836,-0.756740002027919,3
-1.097526170620507,1.9756786354401517,0.4751912689051953,0.4649588580301492,-0.9708019377428176,-1.1762336006018592,-0.7237476103339054,-1.1937261507688297,-0.2075554094456352,-1.2240751199633408,0
0.2040660112717519,-0.4785497766017347,0.0943762903880713,-0.389827687673207,1.2289939424616518,0.6330503778124338,-0.0383380006534859,-0.8237435825452509,2.6036271452021653,-1.2264025815262551,0
-1.1525193572089547,0.4452021201356341,-1.006088228906217,-0.7468353111757973,0.1290960023594171,1.2569840321352337,0.4979649570964565,0.8089162060688827,0.3393778609452055,0.825717264108505,1
1.437431473824196,-1.2492540218086523,-0.9525628664447248,0.4228725934709003,1.2289939424616518,-0.8987082329877487,-0.0623874606422726,0.3272469339515858,0.3389801598650767,0.2985796450732271,3
-1.938918154600108,-1.1126043329421775,-0.6522603570986023,-1.6306468669200145,-0.9708019377428176,-1.2559928132988971,0.1155785432747487,-0.7287724525300778,-0.1367630297414364,-0.8172386960778573,1
-0.961862619648108,0.4233381699169981,0.3869749907500043,-0.3506439241180447,0.1290960023594171,-0.0474666960606985,1.1112261868105158,0.0153479668427646,0.2178387300815966,-0.0314649043510439,1
0.2185124828353722,-1.4569615488856935,-0.3679266197036606,-1.0240241570660198,0.1290960023594171,-0.2610154714546711,-0.0239083246602139,1.751703632529377,-0.4056874297446972,1.941779892282119,1
-0.0952679381041698,0.1391068170747309,0.667694408132356,-0.0705525772237362,-0.9708019377428176,1.2233214544463369,0.8635167489260133,1.2074857792978333,0.2600377091966757,1.2778017548444416,1
-1.858729613423673,1.1202515831360194,-0.4370709443511248,-0.3811201846609489,-0.9708019377428176,-0.1457617229213569,0.6903606370067493,0.4650717158108259,-0.1713792636743367,0.5040506907134085,1
0.5726582127355243,0.7403654480872195,0.0433787862396894,0.5418751346384304,0.1290960023594171,0.4565349816056698,0.1829170312433514,-0.2945895332918544,-1.067386557936958,-0.2602192892983794,3
-1.3124453032760215,0.5326579210101781,1.8603725496984305,0.179062509127668,0.1290960023594171,-1.6702029031442365,0.930855236894616,-0.7284219628323201,0.7105798955545459,-0.9002936641712092,2
0.2766191471389441,0.6529096472126761,-0.448716367732473,0.1181099880418602,1.2289939424616518,-0.8623840296888016,-0.7574168543182068,-0.035127426809922,-0.6707442666034052,-0.005461913438696,1
-0.1973379530038128,-0.688990297456106,-0.8283376798230443,-0.9775841410006422,-0.9708019377428176,-0.9081511502733428,0.2815198171973764,-0.601172281024796,0.0333027901880072,-0.6957873981822225,1
0.1091584492387227,-1.2355890529220048,-0.5852263063466561,-1.034182910580321,1.2289939424616518,0.0505656072847151,0.6350468790325402,-0.2731307266815798,-0.0360127847469598,-0.3276878161628299,1
0.0704364082733873,-0.1123286104395825,-0.4138849591974704,-0.4203039482161111,-2.070699877845052,-1.168028590639853,-0.957027372225136,-0.6928412062623417,-0.3215977326029168,-0.7624749526160308,1
-1.1841671574144947,1.6258554319419758,0.7497888767112273,0.3517613188707911,2.328891882563886,1.989290014734077,-1.243215946091697,-0.9274887661186888,-1.3741082733704268,-0.9219333479577432,1
-0.7109441980117136,-0.5113457019296886,-0.3451510083707196,-0.9775841410006422,-0.9708019377428176,-1.1724420286612622,-0.2764276545424737,-0.1163144938994815,-0.1330926296482009,-0.1339419204290794,1
-1.0680036135979154,2.0166735421000936,2.0663955846842166,1.1180215839495211,1.2289939424616518,2.349420832090732,0.1660824092512004,0.8018200439969101,-0.8095159133786705,0.928812022225064,1
1.0343023369637308,1.1694454711279505,-1.2494017257326584,0.98886028926769,0.1290960023594171,-0.4654145822309047,-1.54383419595153,-0.1095462632436615,-0.360512693647402,-0.108862618033163,3
-0.8156791492347427,0.0243210784268922,1.736566760606164,-0.0197588096522293,-0.9708019377428176,-1.0073056873776252,0.4859402271020628,-0.2899507229258536,2.9951304848416944,-0.8057633469820642,2
-1.0165841452782285,-2.0008273105742638,-1.0603661694171096,-2.025387003475724,-0.9708019377428176,-0.5211042595672133,-0.1489655166019046,-0.8597112030400085,0.5449904821098875,-1.0085177187177363,2
1.303912191350114,1.3607550355410152,-0.140612361364073,1.7623768068566354,1.2289939424616518,-0.0769413853871829,-1.3418187320457222,-1.1058089395451782,-1.0239676458719784,-1.103053683191498,3
-0.4989316706340707,-1.7739888270559152,-0.2498262905231683,-1.5464743378015176,-2.070699877845052,-0.958465019522621,1.0967965108172435,-0.3579511504208702,-0.0697747661866695,-0.4150084984963131,1
0.6341850901515251,-1.077075413836894,-1.0672048867475137,-0.6336377720164392,-2.070699877845052,0.7062102598998842,0.5773281750594522,1.8267392829232352,1.552725102512105,1.791630127598432,2
1.011890218856317,0.3632123068157495,0.5793506233326133,1.0048240447901633,0.1290960023594171,0.0484688776613899,-1.522189681961622,-0.5576652657409656,-1.2980042382854464,-0.5346940263305916,3
0.755367933214215,-0.5140786957070181,-1.9475096876615496,-0.3767664331548195,0.1290960023594171,0.0348409905721992,-0.2764276545424737,-0.1846189255055198,-1.2317500850834469,-0.1273257234042973,3
-1.8811126232793645,-0.2872402121886703,-1.5399104724676491,-1.3723242775563516,0.1290960023594171,-1.2056304326375744,1.568165926597462,0.5542847585155164,1.7386376432226254,0.3611427434326682,2
0.6075511554792559,0.1281748419654127,-0.91948250187183,0.0107174508906743,1.2289939424616518,1.7486537670058613,-1.0267708061926173,-0.3323104398097252,-1.848451912380924,-0.2543956462131488,3
0.5013888942505417,0.0133891033175739,-0.4603970269417301,-0.0415275671828753,1.2289939424616518,-0.1154629079511246,-1.3851077600255384,-0.1629997597566187,-0.8491927648762669,-0.1303616181937207,3
-1.416328852145796,-1.3175788662418897,2.0143712272451797,-0.7511890626819266,0.1290960023594171,-0.8936943886154762,-0.5241370924269764,0.2636669584942968,-1.2934367452974922,0.370894900340272,1
-0.1717201854306544,-0.0112078406783914,-0.6707462100919317,-0.5668802489224594,0.1290960023594171,-0.7276511670812397,-0.7983009362991441,0.557140413144697,-0.4358292127767348,0.6253916621487873,1
1.0981860932452585,-0.1423915419902068,-0.4897542400793285,0.5520338881527318,0.1290960023594171,0.0916954572576483,1.3781751926860475,1.4086857428205242,0.3496977148946325,1.487026592405177,3
-1.5468915396454916,0.9945338693788628,0.0842305423053362,-0.2635688939954621,0.1290960023594171,-0.8102594029734944,0.0121658653229657,-0.3366416851913961,-0.7854269988489626,-0.3273854199725859,1
-0.0561842863417495,-1.385903710675127,-2.1414545981267032,-1.5218030792667856,0.1290960023594171,-1.33595133758825,0.5941627970516026,-1.3701953684573325,-0.0828472727916128,-1.3664287753086872,0
-0.431020110459263,0.964470937828238,1.1973531531831088,0.3952988339320827,0.1290960023594171,2.6388084823200155,-1.4764957079829275,2.244230213744693,0.443522485888154,2.400644114897571,2
0.7121694086700587,1.6504523759379413,0.3349656258347102,1.2515366301374815,1.2289939424616518,0.9976182871962384,-1.3634632460356304,-0.2083361289795984,-1.2919279692245278,-0.1488739517765616,3
0.7893837236409224,-0.688990297456106,-0.0818361337353044,-0.0284663126644879,-2.070699877845052,-0.9988733828234624,-1.1205637001488853,-0.5456555859589344,-0.9877009250915032,-0.5428982981000283,3
-0.1887393269313918,-1.0278815258449634,-2.232938853727054,-1.4187642936217293,0.1290960023594171,1.0566942601671871,0.1300082192680207,-0.0045370159335079,-0.4059664304278749,0.006223758603957,1
0.1113987257945171,-1.3941026920071151,-0.7392952333756677,-1.1531854517478513,-0.9708019377428176,0.7068517682126596,1.075151996827336,1.5702738135618692,1.6770392685380764,1.4908179975542162,2
-0.8204413664992476,0.2156306428399566,-0.5193364148977966,-0.6699190345675154,0.1290960023594171,-0.3182903159375586,0.5220144170852427,-1.1372875093382946,1.0953169705184584,-1.2864524567007956,0
1.075895199585306,1.2623672595571531,-0.2609195594309095,1.3226479047375914,0.1290960023594171,-0.9099131291113496,0.3031643311872842,-0.8355540030400777,1.1559082175723414,-1.0506201093346512,3
-0.517443773282757,-0.3692300255085551,1.01413716428375,-0.4159501967099818,0.1290960023594171,-0.3790042551818632,0.1853219772422298,-1.2691346053285522,0.3144645636041249,-1.3184294627658977,0
1.3047614715684586,-1.905172528367731,-0.7708608624180799,-0.1257000963013719,0.1290960023594171,-0.3672775309003922,0.1107686512769913,-0.2059246015069093,-0.7270973274334749,-0.188344321514327,3
-0.5747113838487474,-0.6589273659054814,0.8510525167086289,-0.651052778040956,2.328891882563886,2.1182565364457724,0.1612725172534431,0.2529628318041207,-1.306015845703256,0.3598051607518862,1
-0.0308012916552882,-1.672868057294724,-0.0977774705933681,-1.2286504778540897,-0.9708019377428176,-0.7664114125196696,-0.3918650624886497,-0.5343772513880798,-0.5369828357768904,-0.56636523062087,1
0.7906734373551852,0.0243210784268922,-1.7546564237856068,-0.0183075591501865,1.2289939424616518,0.3346321282161346,1.3348861647062316,0.692705274527761,-0.4657470186915345,0.7800208019228856,3
0.9340915791006604,-0.93769273119309,0.1943936701835761,0.0919874790050854,-0.9708019377428176,-0.8765522792957112,0.5075847410919712,0.9004954690782161,0.0974706563796174,0.9558667980087644,3
0.6559481488918107,0.9535389627189204,-0.322508979104038,0.6376576677732717,1.2289939424616518,1.395859444615423,-0.7502020163215708,-0.465014916386136,-1.4287602312116032,-0.4239985120660924,3
1.4450304586181282,0.0243210784268922,0.4705982226483884,1.489541712472542,-0.9708019377428176,-0.1000996682165639,1.1617300527869674,0.0148159957436227,1.1619570804808506,-0.1506622867322369,3
-0.7874863530685218,-0.4894817517110527,-0.0765369497550242,-0.9180828704168772,1.2289939424616518,0.3494456893712728,-1.4308017340042327,0.4995164735145314,-0.7987344287436823,0.5935883751310178,1
-0.8062096284817133,-0.8147080112132626,0.7880746938831659,-0.8324590907963372,0.1290960023594171,0.5971137891956708,0.6109974190437536,0.9771666780072136,-0.7531329501257779,1.117218076332996,1
0.6075511554792559,0.0871799353054706,-0.5731623748931892,0.0673162204703533,1.2289939424616518,0.7197072274904096,-1.1734725121242155,-0.4751814499987219,-1.2315733024672335,-0.4479798338033587,3
-0.728530663214817,1.1913094213465862,0.5479464008021995,0.176160008123582,1.2289939424616518,0.8292352392195124,-0.4375590364673444,-0.322572421850966,-0.8285269264654358,-0.3089019831181878,1
-1.341242677894626,-0.5769375525855966,1.0538541290429524,-0.7439328101717112,0.1290960023594171,0.1596825832774373,-0.0166934866635782,-0.4289173575713947,-0.2489708711115244,-0.4779143572709264,1
-0.3732783879568655,3.284782654780979,1.6120794321225336,1.8175243259342708,2.328891882563886,3.105681544508953,0.4258165771300964,3.761428335689936,1.894204630541071,3.88851981265386,2
-0.961862619648108,1.0655917075894297,1.6798679153267213,0.4649588580301492,0.1290960023594171,-1.289991716301064,2.8860763339829707,-0.1576289932692658,0.9591872694784048,-0.3156114395777504,2
0.3635071249306913,-1.3339768289058664,-1.3882031355628222,-1.0762691751395694,0.1290960023594171,-1.4177502214116489,0.81541782894844,0.6469994850012906,1.6168140131231632,0.491026379529021,2
0.9225649815198664,0.5517888774514845,-0.6094678611897575,0.6550726737977884,0.1290960023594171,-0.6470466358509371,-0.6684338523596961,-0.7645741179143665,-0.2886345653377855,-0.836712202749192,3
1.548857079853604,-1.175463189820756,1.01413716428375,1.2428291271252236,0.1290960023594171,-0.3164221384615075,-0.3076919525278964,0.6986643964813393,-0.1947836397718852,0.7618449426677965,3
-1.8811126232793645,0.6119147405527336,1.39403586985543,-0.0705525772237362,0.1290960023594171,0.829254492198427,-0.237948518560415,0.1951782215461035,-1.4711818010628528,0.3063181817887209,1
1.585893693818351,1.2350373217838582,0.0536323246007686,2.2920832401023485,3.428789822666121,0.4273391649224886,-0.0984616506254526,0.2553284500665507,0.794197170859758,0.1738172486677942,3
1.176944538771871,0.8114232862977864,-0.758203621822265,1.1136678324433922,0.1290960023594171,0.0755681660106462,-0.7189377183361482,-0.877799926020766,-0.6259739967265999,-0.9233887869511704,3
0.4257385794306511,2.341899801602304,0.5524483895613472,1.4169791873703894,1.2289939424616518,0.5748234809836058,-0.8391850182800812,-0.2167022653469112,-1.112945870600088,-0.171709751588588,1
1.3357799121912812,0.5408569023421668,0.9860901447419884,1.7362542978198607,0.1290960023594171,-1.5876857525330488,0.786558476961896,-1.6625598143720564,1.0941298792792022,-1.6228709957847522,0
1.5770787780708448,-0.2517112930833867,-0.6707462100919317,1.296525395700816,1.2289939424616518,0.1600714422157237,0.7889634229607749,0.795545892994362,0.4679148928772585,0.796969271480339,3
-0.6979172867384212,0.4288041574716575,1.10488274594504,-0.0241125611583586,1.2289939424616518,1.7197020866228885,-1.5269995739593794,-0.4984610253293332,-0.8480291451915362,-0.5022469318308267,1
1.8218816301260967,-0.005741853123732,0.5614366472269977,2.345779508677941,0.1290960023594171,-1.01174386313295,2.7249449520581,-0.2241190950181624,0.6797722614501023,-0.3502567151969213,3
-1.0506240548994363,1.0491937449254527,1.6932839320383928,0.4388363489933738,0.1290960023594171,1.1540728051733522,0.7721288009686239,-0.0843023577110075,-0.2350000596608497,-0.0978547928887271,1
-0.8252220778577782,-0.5742045588082672,0.623775220859632,-0.7671528182044001,-0.9708019377428176,-0.0310085675941892,0.1805120852444724,0.1007674235341497,0.428892638620069,0.0330961961416416,1
-0.8790730011689643,-0.4211569072778153,-0.1948331251972872,-0.9427541289516088,1.2289939424616518,3.903289122359746,-0.3365513045144404,0.9613900960890928,-0.447766716933795,1.074976622738633,1
-0.5324565401692508,-1.093473376500871,-0.3451510083707196,-1.2228454758459173,-0.9708019377428176,0.434360498566267,-0.1417506786052686,0.8711576297719766,-1.1418005556109263,1.030743507909964,1
-0.4001139275052628,0.3413483565971136,2.599326496118949,0.7218301968917689,-0.9708019377428176,-0.4240626435176243,-0.7021030963439975,-0.05428551052986,0.6106387644599629,-0.1555045631777849,1
-1.1339139910557223,-0.4539528326057693,-1.0331318065648565,-1.227199227352047,-2.070699877845052,-0.4072791607835355,0.2478505732130751,-0.6115762941338518,0.5346799805339152,-0.7566468230253811,1
0.6075511554792559,-0.9868866191850209,-0.5252801495953522,-0.4899639723141776,0.1290960023594171,0.6966178523536257,0.3368335751715855,1.5113190193059889,2.038091095904,1.373544545112221,2
0.8436563362830559,0.4998619956822243,-0.1893766508988375,0.636206417271229,0.1290960023594171,-1.531559634192132,4.030830629449215,1.0363917804933105,3.3243963588124963,0.6139761190406122,2
-1.9508122725161303,-0.9404257249704194,0.4843609998755726,-1.2286504778540897,-0.9708019377428176,-0.0821065419986318,-0.1778248685884486,-0.2075624674378949,-0.5084621115193568,-0.2104086022930672,1
0.7420305153432887,0.6939045538726182,-0.7645270547241626,0.4838251145567087,-0.9708019377428176,-1.055552864265609,-0.3221216285211684,-0.4224658324529801,-0.325190336277437,-0.4660466134225198,3
0.8932672725106965,-0.2107163864234441,-0.4603970269417301,0.2487225332257345,0.1290960023594171,1.223454795088681,-1.1662576741275796,-0.7142568514166114,0.179418936971012,-0.8317443177722028,3
0.5803282165362937,-0.2271143490874212,-0.6893210089913592,-0.150371354836104,1.2289939424616518,0.2568257458555047,-1.257645622084969,-0.2916613531976235,1.0321610246242745,-0.4690348618461903,2
-1.8811126232793645,-0.4812827703790644,1.1475401404549503,-0.7468353111757973,0.1290960023594171,1.7304728218916188,0.5436589310751508,2.024791687086517,1.1175707550773712,2.076471206508842,2
1.168438336291129,0.0270540722042216,-0.9129003094443876,0.6478164212875731,1.2289939424616518,-1.0048684852180418,-1.279290136074877,-0.151042230269679,-0.9812983455100625,-0.1082190102491724,3
-0.286798486679872,0.2511595619452402,0.1095450915288458,-0.2824351505220215,1.2289939424616518,0.8858579401934349,-0.0527676766467579,-1.582822029696453,0.5393873934314922,-1.545945570803852,0
0.6885883635041652,1.4482108364155586,-0.5973280558289036,0.8669552470960737,0.1290960023594171,0.4623945639335551,-1.680916117887614,-0.7702675196656158,-0.7204660880503505,-0.8071715242312211,3
-0.0083956485892438,-0.8283729800999101,0.0689617488075428,-0.7207128021390224,-2.070699877845052,1.269970586198547,-0.1177012186164819,1.8117727104978996,0.9873048444218616,1.8526906241713068,2
1.557184270304775,0.1172428668560949,-0.408110156440059,1.5113104700031874,0.1290960023594171,-0.9270996524050334,0.1179834892736271,2.293978160066363,0.5468351153010073,2.4396500253504527,3
0.7203854455814275,0.3850762570343855,-0.5671445172077623,0.343053815858533,1.2289939424616518,0.1769417799768976,0.6518815010246907,-0.5445945513684737,-0.2863524969049278,-0.5990212270668686,3
-0.5591776556224161,-0.363764037953896,-0.5193364148977966,-0.8890578603760162,-0.9708019377428176,-0.5843723134653553,0.4402462531233684,1.4208504154432553,0.4446091575708468,1.497577367348771,1
-0.6893086388756574,0.7540304169738672,1.5708275177067468,0.3343463128462744,0.1290960023594171,-0.8487221779479045,0.1444378952612927,-0.5260023328149344,0.4366651360511008,-0.6561598674107493,1
0.8837428023478615,1.5438656186220912,1.0656899735419931,1.6346667626768467,0.1290960023594171,-0.2808111677164204,1.2675476767376288,-0.1300759060639955,0.5516339142728095,-0.2325412444696059,3
-0.517443773282757,-1.126269301828825,-0.0501495953196434,-1.1560879527519372,0.1290960023594171,3.782393810215252,1.532091736614282,6.0400558793261485,3.4713271867208486,6.1083252239540045,2
0.6045559432287296,-0.34190008773526,-0.6769278846289083,-0.1866526173871803,-0.9708019377428176,-0.418871953406815,0.3632879811592511,1.369567632415186,-0.3811998543229463,1.518223727673086,3
-1.9628224324389003,-1.1836621711527444,0.1447088798227276,-1.4637530591850636,0.1290960023594171,-1.0266935691613286,0.7745337469675029,0.6441073366117868,-0.1498587829733253,0.6973619528527653,1
0.7945344911037272,-0.9896196129623502,-0.3394780390567384,-0.2490563889750313,-0.9708019377428176,0.230900332699759,1.1088212408116374,0.9520699055245596,0.9672721041903196,0.908847749790664,3
0.0910879357328804,-1.0251485320676337,-0.3793650130303414,-0.8832528583678438,0.1290960023594171,0.1557303474043841,-0.1056764886220886,-0.7763053567491272,-1.0443599720709924,-0.7909489427047379,1
1.0542342601853991,0.5299249272328486,-2.105459419647428,0.5215576276098277,-0.9708019377428176,0.1674704717207242,1.438298842658014,0.4049413346538368,-0.61364735609125,0.4747684553073006,3
-1.8811126232793645,0.0707819726414935,0.2140899114985003,-0.7657015677023568,-0.9708019377428176,-0.7705323865363694,-0.1730149765906913,-0.0844737353504142,-0.487030548333119,-0.0761600037140165,1
1.1502854261180928,-0.9240277623064423,-0.8606429304643196,0.1268174910541184,-0.9708019377428176,-0.3758508339904385,1.4912076546333446,0.4463625139344451,2.84947499719605,0.04568221661988,2
-1.4880597209558748,-0.3500990690672486,-0.4603970269417301,-1.1125504376906457,0.1290960023594171,2.120677866434831,-0.0864369206310592,0.967945536435858,0.569573254085724,0.9747265250881542,1
-1.8259001578111669,-0.2517112930833867,-1.7220785517732602,-1.379580530066567,-0.9708019377428176,0.3243118874540207,-0.2692128165458377,0.175491638825568,-0.8673245667155148,0.2432105372904715,1
2.022672479533311,0.1719027424026846,0.2677420753265219,2.917572206482902,0.1290960023594171,0.0318749360142757,1.3685554086905327,-0.8339963812450591,-0.1913772991259567,-0.9143232596397194,0
-1.333979933361627,-0.3965599632818499,-0.4603970269417301,-1.1081966861845167,-0.9708019377428176,0.8212594531521645,0.2310159512209242,2.490831922258116,2.2405076331096465,2.387912021573087,2
-1.858729613423673,-0.4266228948324744,0.4567862046106954,-0.9529128824659104,1.2289939424616518,-1.675876300211502,1.7653714985055124,-1.3476754476595754,4.445809280067022,-1.757337750447297,0
-0.2176381100536232,-0.5222776770390067,-0.0396449495904859,-0.7003952951104196,-0.9708019377428176,0.0497223092461055,-0.1032715426232099,-0.3182854041733383,-0.8105314611470417,-0.3060019902555838,1
0.7659347931820817,0.5244589396781897,0.8635257260200706,0.8829190026185473,1.2289939424616518,0.0999544804570055,-0.324526574520047,0.4745025387426216,-0.2800154926320809,0.5216576959265743,3
0.9167609555507537,1.724243207925838,-0.5671445172077623,1.2805616401783426,2.328891882563886,0.1169854898393785,-0.0455528386501222,-0.024318682123065,-0.9128100210606288,0.0264536448350948,3
1.2149681240047392,0.0571170037548459,-0.5431664592295422,0.8234177320347822,0.1290960023594171,-0.0799147870911406,-0.993101562208316,0.0668996721176334,-1.0824306829943413,0.1395148795909444,3
0.6135198053664982,0.1527717859613786,-0.7267408973570659,0.0731212224785254,1.2289939424616518,1.5265058098350803,-1.1903071341163662,-0.8306558756437362,-1.4514851023561233,-0.8218167147633987,3
-0.5864916807090129,1.0327957822614755,1.3795364915958654,0.440287599495417,1.2289939424616518,1.1935036541021906,-1.007531238201588,-2.308482495386207,-0.4130355031408555,-1.8653862332782716,0
-1.256795980872178,-0.8884988432011589,0.5434391557794408,-1.0690129226293543,-0.9708019377428176,-0.7935127435116569,0.3753127111536442,-0.7253920539151003,-0.3124344434779375,-0.7958411415709331,1
0.9190858507227252,0.8633501680670471,0.1546971258176243,1.0178852993085508,1.2289939424616518,2.0142626059725126,-1.5125698979661073,-0.3679200760641788,-1.5581392137984087,-0.3092254116329755,3
-0.8840873935509119,-0.1560565108768544,1.536110962489106,-0.2229338799382565,0.1290960023594171,1.0868422176326715,-1.642436981905555,1.3159969777323723,0.0187489209284483,1.4190530417578302,1
0.9027186174213592,1.2869642035531184,-0.103105911637323,1.1499490949944684,0.1290960023594171,0.4813385508166573,0.9500948048856452,1.497625867470168,0.1254287421324295,1.6109536486913505,3
0.8705251566709341,-0.4812827703790644,-0.8801566447519391,-0.0197588096522293,0.1290960023594171,-0.4202528275682926,1.4214642206658634,2.493205871880104,0.5631589230346824,2.657978425629031,3
1.3432082181027385,-2.1894038812099983,-1.8373245703442695,-0.4232064492201972,-0.9708019377428176,-0.8000938166357221,-0.6010953643910935,0.7513379033250931,-0.5188188961012343,0.8503719403154416,3
-0.3633639856885086,-1.7958527772745512,-0.8090835006407997,-1.6379031194302296,-0.9708019377428176,0.8766498114223322,0.1131735972758697,-0.2574625689280506,-0.0979866390820451,-0.302112686442203,1
-0.157715123937643,1.2213723528972105,2.002027635838452,1.000470293284034,1.2289939424616518,1.308521702701132,-1.101324132157856,-0.141979359520412,-1.3051121417870035,-0.0756659562584479,1
-0.6596437907325624,1.153047508463973,1.7924449040767134,0.6550726737977884,1.2289939424616518,0.4117467412478331,0.2213961672254095,-0.1534301968472365,0.299759313336868,-0.2292000290930306,1
0.4029896574980294,0.2566255494998991,-0.1948331251972872,0.0731212224785254,-0.9708019377428176,-0.9976238283963312,0.3729077651547658,1.3710543562686666,0.2453443051085602,1.4590221494634756,1
1.4042105309679185,0.3167514126011482,-0.322508979104038,1.3400629107621076,-0.9708019377428176,-1.3686693132819685,-1.2504307840883329,-0.2215175881162336,-0.8592203210955893,-0.1949716386277827,3
1.0697451536832878,-0.374696013063214,0.0536323246007686,0.5302651306220862,0.1290960023594171,-0.4019293398599157,0.5147995790886069,-0.5997213960778245,-0.585501248061839,-0.6345449199791056,3
1.5763980859729567,-0.0467367597836745,-0.6216459625299908,1.4169791873703894,0.1290960023594171,-0.5944813035672548,-0.483253010446039,-0.4473955712276683,-1.1648000313235116,-0.4217509834037934,3
-1.3782133731644357,0.2566255494998991,1.2390063323206515,-0.23889763546073,-0.9708019377428176,-0.0768851113273169,0.6013776350482389,-0.0687174194113601,-0.3305655379135472,-0.073408596180277,1
0.1639774630199659,-1.765789845723927,-0.4023439792314245,-1.2344554798622618,-0.9708019377428176,0.2950367790697557,-0.8800691002610186,0.003734101242511,-0.4521057024633111,0.019416202588473,1
1.804467705043746,-0.0686007100023105,-0.3168691608278236,2.0134431437100826,1.2289939424616518,0.1407479394872273,0.6879556910078709,0.3544578314896907,0.1343195726243742,0.3484447716075564,3
0.2019883202677263,-0.1259935793262301,-0.5973280558289036,-0.3854739361670782,-2.070699877845052,-0.7165942527752023,0.3392385211704645,0.4976831069761723,-0.7496037042432564,0.5890634040911199,1
1.1844565781169722,1.8198979901323704,1.159092632637636,2.228228218012453,0.1290960023594171,-0.1215559132049136,-0.0647924066411515,1.391244962295349,0.5243755951887594,1.450036198531667,3
-0.3340910485441278,0.0325200597588805,-0.3736415799234779,-0.5494652428979426,0.1290960023594171,0.4272816611065147,0.9669294268777956,-0.5500355666462146,1.325551816523955,-0.7982630547033548,2
0.2863660834712129,-1.2492540218086523,-0.4897542400793285,-0.8948628623841882,1.2289939424616518,1.2907836843233464,0.5965677430504815,0.9515531905634496,1.2242929856519016,0.8733967763885441,2
1.2002690642586684,-0.1560565108768544,0.6060666809844598,1.0106290467983354,-2.070699877845052,-1.4466866167902743,1.0126234008564907,0.2682088600340347,1.0848161570063204,0.1363524159508366,3
0.7380009483159969,-0.3801620006178731,-0.9063293207541522,-0.1227975952972859,1.2289939424616518,-0.0485959418053748,3.811980543551256,3.0798168679260427,1.317765112485282,3.206139084664965,3
-0.0768743805591105,-1.601810219084157,-0.9792327820061568,-1.4289230471360304,-2.070699877845052,-1.1166143196316052,0.4378413071244895,-0.2506242915967334,-0.7137566451963349,-0.2385241461808317,1
-1.626914541706816,0.5162599583462014,0.1546971258176243,-0.5102814793427803,0.1290960023594171,0.93177548069288,-2.1979795076465267,0.7795209947939699,-0.6531046341983803,0.8911667475699305,1
-0.7109441980117136,-0.656194372128152,0.888351888257861,-0.6829802890859029,0.1290960023594171,-0.7381564454561994,0.3656929271581295,-0.2781419581572085,0.7975567858172576,-0.4275893831302012,2
-0.4989316706340707,0.5900507903340977,2.562078537320487,0.7929414714918781,0.1290960023594171,-0.5666240464176517,-0.0142885406646992,-0.276820411494183,-0.109916252269901,-0.3231814828900961,1
-1.0054435115280496,-0.3500990690672486,-0.448716367732473,-1.0066091510415032,0.1290960023594171,-1.295286248861021,1.1208459708060303,0.7533303308876806,0.5928076147585459,0.7417254681956272,2
-0.1247390907661535,0.912544056058978,1.6596560632748416,0.7015126898631661,-0.9708019377428176,-0.201455586292013,-0.8295652342845669,0.0009013305467802,1.3748964462660056,-0.1976880168191085,2
0.2921774158730717,-0.6643933534601405,-0.431261379788262,-0.5639777479183729,0.1290960023594171,-0.3979828363594264,0.786558476961896,-0.4395197933541563,0.5368393435015985,-0.5790982822409361,2
-0.7374190168297589,0.426071163694328,0.2434471246360995,-0.3259726655833131,-0.9708019377428176,-0.5651278218368295,-0.8151355582912948,0.2599711593675199,-0.5820661384464618,0.311486813523908,1
0.1488725909650733,0.1637037610706963,-0.1839278780486759,-0.1619813588524482,-2.070699877845052,0.2373785532516639,-0.0335281086557286,-0.0040530536800724,-1.3102779354631486,0.0764789087035248,1
-0.724110437181444,0.4616000827996112,-0.4138849591974704,-0.4827077198039622,0.1290960023594171,0.0900282760677541,0.134818111265778,0.0853971595067413,-0.7608092413882546,0.1367920157854999,1
1.09113722213034,-0.8338389676545692,-1.7710490383253414,-0.093772585256425,1.2289939424616518,0.3089093871136449,-0.7910860983025081,0.6744253122908559,-1.5488546689144431,0.8393866010975387,3
-1.298295358662568,0.2812224934958645,-0.3168691608278236,-0.704749046616549,0.1290960023594171,-1.0213313619603894,0.0241905953173593,-0.965047379956368,0.5858457502566544,-1.1047357962211477,2
-0.2472316415887754,-1.596344231529498,-0.6831194736441288,-1.4477893036625902,-2.070699877845052,-0.5132650190982362,-0.8944987762542905,-1.2078922497377875,0.4118508033091969,-1.280727220076208,2
0.3707805973614138,1.516535680848796,-1.329151048401579,0.4518976035117617,1.2289939424616518,0.7930683772540044,-0.1826347605862059,-0.7245678795936739,0.8267962042278709,-0.9004903355436379,1
-0.4843198477184421,-0.0330717908970274,2.138668302488447,0.2501737837277778,0.1290960023594171,0.8518410457087867,-0.1730149765906913,-1.1301206137709048,1.3688656649696205,-1.3075392689742489,0
1.3716773474303368,0.0352530535362099,-0.3168691608278236,1.1310828384679088,0.1290960023594171,0.6704313364558321,0.3175940071805562,0.6171018897257781,-0.3648678169073513,0.686976699553209,3
1.2518523567626931,0.7977583174111391,-0.4779845513179664,1.290720393692644,0.1290960023594171,-1.17136152956442,-1.9334354477698736,-1.6275303330244846,-0.7347029977984079,-1.4969134163455236,0
0.7285470111294701,-0.7600481356666727,-0.2832021893959193,-0.185201366885137,-0.9708019377428176,0.2259294536989932,1.1833745667768758,-1.0176544690168252,0.5624498252133922,-1.1443561296855316,2
0.8473549819126467,1.322493122658402,0.5704040262265455,1.3023303977089886,0.1290960023594171,-1.0408572573022798,-0.1489655166019046,-0.0423856489666944,-0.5589456435434093,-0.0235280816436582,3
-0.1802003449879849,-0.5851365339175851,-1.4105826470691458,-1.035634161082364,-2.070699877845052,0.4734024142819258,0.1011488672814767,0.855677900828905,0.5689841231180754,0.8537881418905713,1
1.4010741429588367,0.5271919334555192,0.4243646769578166,1.657886770709535,0.1290960023594171,0.6966505697042583,-1.2672654060804835,-0.1687894233814713,-1.1323716471519307,-0.1166087652050148,3
-0.0485142825409806,-1.3886367044524563,-0.1513957620164815,-1.0994891831722582,-0.9708019377428176,0.2699703834912577,1.7629665525066336,0.3910565530258392,-0.2540032303587754,0.4283672808481483,1
-1.987200092951346,-0.7791790921079793,0.1943936701835761,-1.235906730364305,-0.9708019377428176,1.1716969318980053,0.3392385211704645,0.554229351271239,-0.8911418570724707,0.662289349281272,1
1.0573521131673755,-0.3337011064032717,-0.9063293207541522,0.2951625492911121,0.1290960023594171,0.1313000777950407,-0.6660289063608175,-0.5014495972193819,-1.0217209699041343,-0.4916713027591957,3
1.02581243001934,1.445477842638229,0.7625930507161389,1.657886770709535,-0.9708019377428176,-0.8800059378426193,0.699980421002264,0.1546988975138111,0.9959214673885446,0.0248555830564759,3
-0.8062096284817133,1.0601257200347705,1.339380097217883,0.3662738238912213,-0.9708019377428176,-0.5291943196031755,1.10401134881388,-0.2940741778547524,0.1272935310108406,-0.3687878038961206,1
-0.8156791492347427,-1.440563586221717,-0.6645744183322094,-1.5813043498505508,-0.9708019377428176,-0.7003411245743864,0.0530499473039033,1.395676826121134,1.0511876446911586,1.3872892429989565,2
0.9015411600119708,0.2648245308318874,-0.7142272561781396,0.4504463530097184,0.1290960023594171,0.000250029478441,-0.3918650624886497,-0.5219827554185056,-0.8660524835780922,-0.5269802796347018,3
0.2185124828353722,0.9398739938322728,0.6501866460454746,0.5447776356425165,0.1290960023594171,-0.979152194898168,0.4811303351043055,0.3483016191021816,0.997510682763028,0.2418546975637818,2
1.1531695312116024,-0.0385377784516862,0.3822757145477474,0.9279077681818816,-0.9708019377428176,-0.9981839593781971,0.4041720631401882,0.0559165780465246,1.0537229721264705,-0.0919146730247398,3
-1.836746321609537,0.2238296241719454,0.4010385943672104,-0.6205765174980519,0.1290960023594171,-0.7921022191895365,1.3853900306826836,0.740234248987963,0.7383136482069805,0.7048795631457034,2
-0.0083956485892438,1.139382539577326,1.8571648595068508,0.9728965337452165,0.1290960023594171,1.0318312160472023,-0.281237546540231,0.4437659648135999,-0.6205946141822337,0.5199729704671723,1
0.3018024189916586,-0.8256399863225806,-1.185355843317914,-0.8135928342697777,0.1290960023594171,-0.1712455796944919,0.3897423871469162,-0.6226180217656121,-1.0312170756256485,-0.6242830322762347,1
-0.2031039196466231,1.3306921039903905,0.1447088798227276,0.3416025653564897,1.2289939424616518,1.1207988231226125,-0.7285575023316628,-0.4607116995934158,-0.2288908118713822,-0.5139460876705296,1
0.6105390977899882,-0.1259935793262301,-0.51340181738247,-0.0270150621624446,0.1290960023594171,-1.2735966106358876,-0.533756876422491,-0.4005033127134165,-0.4745816590402144,-0.4252282363342349,3
1.1712802728230285,2.36103075804361,1.143681614473101,2.490904558882246,0.1290960023594171,0.473709240770641,0.8995909389091931,1.6288598383642166,-0.5406092522918436,1.8185105698199264,3
0.3744012812293177,-1.265651984472629,-1.1293046964302025,-0.980486642004728,-2.070699877845052,-0.0233419496576589,0.6951705290045066,0.1751961588401779,-0.7302164696251687,0.2325836498463593,1
0.5894695825100874,-1.142667264492802,-0.8090835006407997,-0.6568577800491281,-2.070699877845052,-0.7140818074168834,1.0967965108172435,0.9185815636859276,1.581654478325958,0.7855840266252846,2
0.1831295946045961,1.9264847474482203,1.01413716428375,1.171717852525114,0.1290960023594171,-1.2841000753861769,0.2887346551940122,-0.6440726717551627,0.2812684953630714,-0.766571654242368,1
-0.6638381103869294,-0.4156909197231564,-0.91948250187183,-1.0457929145966656,1.2289939424616518,0.3894343780274319,0.4859402271020628,-0.5111981548465192,0.7307720528162355,-0.6671589124046126,2
-0.680759773771907,-0.3883609819498614,-0.9326806512175329,-1.0414391630905362,0.1290960023594171,0.9864207862700856,-0.353385926506591,0.4364387589019419,-1.2995273329850645,0.5620290231197816,1
-0.8891222947522198,-1.142667264492802,0.0176251555484414,-1.269285491911295,1.2289939424616518,1.4944323276313654,-0.6203349323821228,-0.3590729821408056,-0.6200959309099635,-0.3661536831665022,1
0.039981170615073,1.177644452459939,0.3158780471541101,0.4460926015035891,1.2289939424616518,1.5160157150554057,-1.272075298078241,0.3265052107052957,-1.3025517932929145,0.4406629698131536,1
-1.0738517558442189,-0.1369255544355479,-0.7142272561781396,-0.974681639996556,0.1290960023594171,-1.4057810380790483,1.2410932707499638,-0.3677792395703489,0.8524784174297101,-0.5345517662763138,2
1.3652279200909865,1.5520645999540796,-1.3511898613882691,1.6912655322565258,0.1290960023594171,-0.2978886398337572,2.9245554699650285,1.483060560935961,-0.400613230669316,1.645280406427809,3
-0.0664858663543468,-1.5416843559829083,-0.6831194736441288,-1.327335511993017,-2.070699877845052,-1.0779597753017027,1.0775569428262144,-0.2537229123745104,0.2926212414503493,-0.3417527824860492,1
-0.4843198477184421,-0.0330717908970274,-0.4779845513179664,-0.6742727860736448,-0.9708019377428176,-0.5978251073446356,0.9404750208901308,-0.6971979736970546,0.0320941949292894,-0.7972158904093085,1
-1.1277741697113448,0.0625829913095052,1.518634903112842,-0.1779451143749222,-0.9708019377428176,0.1663115481908833,-0.978671886215044,-0.0955372752782397,-0.6803384128324624,-0.0710076704975663,1
-0.1549331303747493,-0.2407793179740689,-1.185355843317914,-0.7918240767391316,0.1290960023594171,-0.3983447398515928,-0.5698310664056708,-0.1131480987817611,-0.2897600938520175,-0.1242680359515972,1
-0.1887393269313918,1.3689540168730034,0.6720589704101022,0.5331676316261723,1.2289939424616518,2.534051924459498,3.015943417922418,1.9290343344499432,3.86099732613985,1.4891734425116163,2
1.3481356361330294,0.907078068504319,1.3357087180315566,2.0845544183101925,2.328891882563886,-0.6782437302477644,-0.6227398783810014,-0.5899575811478834,-0.1280422420444112,-0.6712647271035048,3
0.0865285541222058,-0.9185617747517836,-0.758203621822265,-0.9224366219230064,0.1290960023594171,0.5573093236177803,0.4234116311312175,1.5500040933963894,-0.0844889149470215,1.6900503485286054,1
0.6843797042675381,-0.8502369303185461,0.2483183617789147,-0.1315050983095445,0.1290960023594171,1.270764603442272,-0.1441556246041473,0.1609710671161453,-0.190531654961161,0.1687830674938603,3
1.063564228760293,1.9155527723389016,0.0893067493792292,1.7493155523382475,0.1290960023594171,-0.9362035685487874,0.4691056051099124,0.1091740544652514,-0.3912899700054246,0.1312717425740379,3
1.0490202260134358,1.0163978195974983,-0.8026867221706304,1.023690301316723,0.1290960023594171,-0.898713555586208,0.957309642882281,0.0874912722840088,1.843355743497549,-0.165421492677488,2
-0.0768743805591105,-1.4105006546710923,-0.0765369497550242,-1.1081966861845167,-0.9708019377428176,-0.8809639158516172,-0.468823334452767,-0.2478212608744321,-0.5618233681081851,-0.2483264639308159,1
-0.0821016989344393,3.172729909910469,0.9860901447419884,1.657886770709535,1.2289939424616518,-0.9896829050674348,0.5917578510527242,0.8712525700629864,-0.058774409446676,0.9383977390204928,1
0.0136094748653744,-0.4976807330430413,-1.3218326482506697,-0.8629353513392414,0.1290960023594171,-0.8275678895718361,0.6639062310190842,-1.3984011558441014,0.5753031509458004,-1.4287837549740987,0
-1.9508122725161303,0.1637037610706963,-0.4662506367417465,-0.9079241169025756,1.2289939424616518,2.2490559743684067,-1.0604400501769184,-0.2822614013194833,-0.4995383357533531,-0.2916077879387916,1
0.6179773779895716,0.4042072134756921,-0.4603970269417301,0.2748450422625094,0.1290960023594171,1.1107160920861383,0.0410252173095097,-0.0627327128106173,-0.6821252908371259,-0.0320953248821581,3
0.0352281468430547,-0.0440037660063451,-0.5252801495953522,-0.4333652027344986,0.1290960023594171,0.802559593325847,-0.1417506786052686,-1.5236062400540582,-0.0988195194640942,-1.4663746191804683,0
0.2824765648242572,-0.8037760361039447,-0.5671445172077623,-0.6815290385838602,-0.9708019377428176,0.0934879065495088,1.5513313046053114,1.692174435653475,1.5669714054551571,1.6433987971952553,2
-0.7418873761011064,1.7570391332537916,2.44537400040578,1.2631466341538264,1.2289939424616518,0.3806530806889899,0.0434301633083887,-0.3293401831815169,1.127783977303434,-0.5257084939585657,2
-0.7153173167408556,-0.2325803366420801,0.1095450915288458,-0.707651547620635,1.2289939424616518,2.305178441671718,-0.1754199225895699,0.1123488195377219,-1.479866731527054,0.2157419983665514,1
1.769465146952126,-0.4512198388284399,-0.8347771390700391,1.5969342496237278,0.1290960023594171,-0.0525329562401501,0.829847504941712,0.0355436867653812,0.6531126503841337,-0.0617963689724406,3
1.2979507674595177,-0.6179324592455392,1.1629357936553448,1.1209240849536075,0.1290960023594171,-0.3240039612669964,-0.5313519304236124,0.3135554894838068,-0.4078697051098964,0.3568837125264401,3
-1.9271378577398424,0.934408006277614,-0.8412273576524413,-0.5842952549469757,-0.9708019377428176,-0.1679279198575025,-0.4159145224774364,0.5685754804271967,-0.8740377022343346,0.6771923747769507,1
0.1639774630199659,0.4643330765769407,-0.3508323264284254,-0.037173815676746,-0.9708019377428176,-0.8706480242600718,-0.3197166825222897,-0.9722222678842386,-1.078350168664196,-0.9816259794638824,0
-1.298295358662568,1.7297091954804968,0.0689617488075428,0.1689037556133667,0.1290960023594171,0.9260794428956972,-1.514974843964986,0.9425304191336512,-0.5109953525362099,1.061345335674347,1
-0.157715123937643,-1.4159666422257513,-0.4838649102972305,-1.26202923940108,-2.070699877845052,-0.4997504824934821,0.8466821269338624,0.2781921206369167,-0.2398631509109567,0.3022341727295217,1
-0.0716691650758952,0.1418398108520603,-0.5852263063466561,-0.4101451947018097,1.2289939424616518,1.2791014439819253,-1.5125698979661073,-0.5416238718783816,-0.5086757622247012,-0.5766599861957045,1
0.2902433516454511,0.7977583174111391,-0.2442915871759084,0.2574300362379926,0.1290960023594171,-0.3785125521910138,0.570113337062816,0.8707852680431251,-0.7084670659268152,0.9977405075862616,1
-0.935387800830063,-0.2407793179740689,-0.7708608624180799,-1.0066091510415032,-2.070699877845052,-0.7879996178769896,-0.1946594905805993,-0.5599415159229323,0.4905538862621776,-0.6998793233519083,1
-0.724110437181444,0.0598499975321753,-0.7142272561781396,-0.7700553192084861,1.2289939424616518,-1.628079363689778,-0.8488048022755958,-4.42266645258733,1.902146237176391,-2.507525371628774,0
-0.869105079276763,-1.4105006546710923,-0.2057692654385721,-1.469558061193236,0.1290960023594171,-0.6526575563072796,0.827442558942833,1.723160604261891,1.6924384810507531,1.6590430980113262,2
1.292817897086405,-0.0303387971196974,-0.7455877448315554,0.8567964935817725,-0.9708019377428176,-0.3820329029484539,-1.4452314099975048,-0.7275261411182816,-0.9561124676136228,-0.7452718225192085,3
0.0517840570768233,-1.5252863933189311,-0.5193364148977966,-1.2083329708254869,-0.9708019377428176,0.4915136985717382,0.3969572251435525,1.047786040182995,-0.6370031566052445,1.1863573820404194,1
-0.614425525575098,1.5520645999540796,3.901665179704004,2.13099443437557,3.428789822666121,1.2790215907712632,0.3007593851884058,0.3654448294248804,0.0214975640146885,0.372287756685413,1
0.7299020268168172,-1.0470124822862696,-2.09651282254136,-0.7120052991267644,0.1290960023594171,0.5471088626783346,-0.6804585823540894,0.1640739699379158,-1.2513019214957448,0.2581537130468657,3
0.81239433056739,0.2894214748278533,-2.432416321237873,0.0382912104294924,0.1290960023594171,0.1709417431073317,0.1035538132803551,0.3347860894129452,-0.9877494890927856,0.428070403610681,3
0.3834066734563679,0.8988790871723302,0.3062987496248562,0.5375213831323017,1.2289939424616518,2.4039874158736128,-1.2528357300872115,0.6778698536795458,-1.3356950344225116,0.8302286850210249,1
-0.64714590036456,-0.3063711686299766,2.129707861505964,0.0397424609315352,-0.9708019377428176,-0.6637894557187449,-0.993101562208316,-0.0510374035833692,-0.5692505542229804,-0.0317879603524616,1
-1.90391015679506,-0.3391670939579306,1.769534125119821,-0.4203039482161111,0.1290960023594171,-0.4015157731853302,-0.6996981503451188,-0.1627363179322205,-0.6844681798200672,-0.1441588238655152,1
0.8534948032570242,-1.3367098226831962,-1.9820553761155613,-0.707651547620635,0.1290960023594171,-0.5917134682389066,0.9188305069002224,-0.6899007979415291,-0.4419780751489337,-0.7452361215628832,3
-0.1717201854306544,0.7321664667552312,1.7099886527094978,0.6013764052221955,0.1290960023594171,-1.511588341686044,1.8351149324729936,-0.8947707525161059,0.3503191973896921,-1.0189651066190175,2
1.2348969593841224,0.051651016200187,-1.1712665761335368,0.7102201928754242,0.1290960023594171,-0.2266353835672626,-1.536619357954894,-1.0649057941254134,-0.6845119425801557,-1.088727014942838,3
1.9307140241869187,0.2566255494998991,0.9375303230404038,2.9088647034706443,1.2289939424616518,2.202449661751361,-0.3798403324942563,-0.3618059043876581,-0.4990920388411394,-0.3793782928818918,3
0.0588118494900783,-0.1123286104395825,-0.7079856138751102,-0.4972202248243929,-0.9708019377428176,-0.324905608057756,0.0025460813274511,-0.0320744329187936,-0.5601180257105438,-0.0113234625720665,1
0.1180951972174114,0.6501766534353463,-1.4406252494537224,-0.2113238759219118,0.1290960023594171,-0.1808276851842783,0.1083637052781124,-0.5432297632075872,-1.4097725090591309,-0.51153453207511,1
-0.1085765177524847,1.489205743075501,0.689468041281676,0.6478164212875731,0.1290960023594171,-0.6938994283480813,-0.0239083246602139,-0.9691482826319008,-0.8575130329790281,-0.992295886656428,0
-0.20889702035002,-0.6179324592455392,1.0340467232321788,-0.4043401926936377,0.1290960023594171,0.6011085401606423,-0.367815602499863,0.0271333887359497,-0.0641196814827183,0.0088311727161048,1
