environmentScore,socialScore,governanceScore,totalEsg,highestControversy,marketCap,beta,avg_return,volatility,momentum_6m
0.7514160886839212,6.42,1.9600947840472698,13.64,2.0,24.40592175379028,1.054,2.5052834415421212e-05,0.0166774229533601,-0.04636244043474986
2.392425796993835,11.65,1.7509374747078,26.35,2.0,22.715975537971786,1.433,-0.0001378936611132055,0.024113157654759666,-0.15392638400738368
0.3784364357202451,7.39,2.3389170222414357,17.22,3.0,28.823760060672083,1.24,0.0015451656042396679,0.013635541584183853,0.6048484254334642
1.2178757094949273,17.19,2.4300984132930052,29.93,3.0,26.55719444619778,0.619,0.0005342954549546872,0.01247290638310339,0.18975573247887478
1.184789984909162,14.24,2.2332350148592526,24.83,3.0,26.048879156320368,0.722,0.00015367141302309126,0.012149232075968502,0.033119426756035894
0.9042181506398859,10.1,2.4756977107026903,22.46,2.0,24.481101400294907,0.596,0.0015338077594185182,0.014663675753694885,0.5936575923038648
0.598836501088704,4.61,1.6882490928583902,9.84,2.0,26.075675829347816,1.239,0.0006673163417335576,0.014249081623961142,0.23528006849827235
1.0784095813505903,5.99,1.8164520818184267,13.08,2.0,26.166691818632646,1.296,0.0015047514986958877,0.02096288972918725,0.5334978269985543
2.329227023940467,6.68,2.0769384114617173,22.92,1.0,25.440734692251763,1.073,0.0010483811104577247,0.018022285917053158,0.36853417227264296
2.8701690505786455,10.15,1.7934247485471162,31.79,3.0,24.087400336465155,0.714,-0.0007392110868993432,0.01829070152293358,-0.27739509280159413
1.33500106673234,5.54,1.8702625307159986,13.82,1.0,25.458955416529484,0.802,0.0004285637641277198,0.011769410285870533,0.14923364258464905
1.5432981099295553,8.19,1.7732559976634952,16.76,0.0,24.77849098999981,1.476,0.0009786161451996538,0.018653036906849885,0.33334247389365645
2.6282852326333477,9.07,1.8325814637483102,27.17,2.0,23.850238111935884,0.458,-8.642374815005338e-05,0.012656393967002248,-0.06539272880433104
2.614471854142644,8.1,1.8531680973566984,26.14,2.0,24.745864374391445,0.533,0.00021380794691489054,0.012652167122857381,0.05545869876135341
2.65745841498615,8.18,1.8341801851120072,26.69,2.0,23.33906757543441,1.062,-0.0009451495072264335,0.021718344734066926,-0.32974132587072874
0.262364264467491,9.14,2.2925347571405443,18.33,1.0,24.84551826319617,0.949,0.0011219817067283455,0.01279381033489747,0.4329320239612216
0.9745596399981308,9.67,2.6290069937617573,24.18,2.0,24.58177817406106,1.075,0.0005988053274399297,0.01492304831116868,0.20243159898533267
0.9669838461896731,10.82,2.5384474167160302,24.11,2.0,23.039558635092696,0.563,0.0011533774440917214,0.01512444680128089,0.4331952120919225
0.08617769624105233,10.92,2.411439497906128,21.16,2.0,24.9073215737712,0.729,0.001134496251119895,0.011219613951116031,0.4462059831374171
1.3862943611198906,7.09,2.0706530356467567,17.01,1.0,23.434309449917546,0.676,0.000565910332949773,0.016062895040691437,0.18110465090797684
2.7966713927557385,4.85,1.9919755158985601,26.57,2.0,23.080037397079607,1.543,-0.0015384400611895023,0.03205445313220726,-0.456952633825839
0.708035793053696,10.13,2.474856313934499,22.04,2.0,24.641580758391314,0.477,0.0008967545456056245,0.01536374662941664,0.32393340111272234
2.4765384001174837,5.84,1.7984040119467235,21.78,0.0,23.248318638284246,1.123,0.0007279951439098549,0.015303211373877986,0.2539726087904977
1.7029282555214393,2.97,1.8373699804801074,12.74,1.0,25.769746577366977,1.541,0.001989898427769121,0.023402317397566964,0.7125990007799015
2.2669579153508947,8.51,2.0451088625993306,23.9,1.0,24.387597090467686,1.173,0.0005492519386522714,0.01234500524626861,0.1966060714626613
0.5481214085096876,13.48,2.169053700369523,21.96,3.0,25.909662808135085,0.605,0.0006892654000235621,0.014475821337905107,0.2436241316509817
1.1249295969854831,7.83,2.428336298299606,20.27,2.0,24.516592688535127,1.346,0.0009911368316746414,0.014372878982020887,0.3693032904401211
1.3609765531356006,2.85,1.8180767775454285,10.9,1.0,25.44398665846114,0.83,0.0002326359266768116,0.016042546417328638,0.04281190549798898
1.9459101490553132,15.39,2.3243465847755584,30.61,3.0,28.304688679189077,1.146,0.001947657464572456,0.019343645959095688,0.7323365252123135
0.33647223662121295,8.88,2.127040520479115,16.67,1.0,25.45413012552508,1.073,0.0029561896339240982,0.02742810059140635,1.07249748153191
1.506297153514587,7.32,1.803358605071407,15.89,0.0,24.045542628894566,1.114,0.0008751884203753159,0.018050297721673728,0.29779258324834235
2.0980179272527715,11.87,2.004179057179289,25.44,1.0,23.201113948513097,1.147,0.0009796056084663365,0.016500518317735073,0.351297351641116
3.1346242724206097,8.88,2.192770226986839,38.81,2.0,22.95758286097069,3.243,-0.0007702000232146118,0.022155280261768655,-0.2977753842720998
2.130609828254235,1.5,1.4701758451005926,12.26,1.0,24.893371281405063,0.828,-7.715360893951292e-05,0.016893047293767727,-0.0865627671053964
2.1186622548331173,4.64,2.151762203259462,19.57,2.0,25.067882888209947,1.246,0.0014562276585976246,0.013431061562286935,0.5685510018242561
0.8960880245566356,3.94,1.8341801851120072,10.66,1.0,23.52655905056697,1.793,-0.0003926077649332872,0.021463317165275757,-0.20737708276480077
1.5912739418064292,3.66,1.9906103279732201,13.89,0.0,23.805862285235477,1.173,-0.00024643596581380137,0.01993200238197007,-0.15724866946967872
2.761906873892921,13.42,1.9960599327407849,34.61,2.0,23.78877775298187,0.67,0.00044789695746693477,0.010872683162604778,0.1618803058279066
1.3762440252663892,2.05,1.749199854809259,9.76,1.0,24.223298040195143,0.986,0.0008886433828990282,0.013017063669570254,0.3348344332054682
2.1210632163706555,6.0,2.033397603178429,19.98,3.0,27.355042495862484,1.183,0.0028890107445369083,0.024323850153032622,1.079004824041494
2.519308076505333,0.95,1.5496879080283263,16.07,1.0,23.602347936969586,0.895,0.0005412470008205678,0.012751601635736506,0.19136843278792198
2.306577114263583,7.58,1.791759469228055,21.62,1.0,24.09777573954868,0.691,-8.854127226841531e-05,0.013261783237926964,-0.0688285264754241
0.048790164169432,8.85,2.3702437414678603,18.61,2.0,25.96329734352649,1.212,0.0014763376271137816,0.015588606776537159,0.5642272257451909
0.10436001532424277,7.07,1.5748464676644813,11.02,2.0,24.69307329084615,0.709,0.0007337282622147869,0.013215447307428211,0.26901909085628267
2.286455711064162,22.48,2.2289385528257473,39.6,4.0,25.291472346201136,1.575,-9.548964089924564e-05,0.019081714188480772,-0.10508407931423842
1.0043016091968684,15.09,2.5241273629412815,28.3,3.0,26.44975974662114,1.34,0.0005928494737393388,0.015631685032176847,0.19561198802618862
2.151762203259462,0.76,1.556037135706985,12.1,2.0,23.739077129449832,0.878,0.0006555305934934358,0.01806711803673649,0.20524328689285812
1.3428648031925547,13.6,2.096790180014449,23.57,3.0,23.74562888661343,0.593,-0.0005215447189916656,0.019080315371178786,-0.22845858724964263
2.5779415157551897,10.25,1.9286186519452522,28.3,2.0,22.57789146985777,1.753,-0.0004812426135882586,0.025482692090895123,-0.25293384013341824
1.2237754316221157,9.09,1.6863989535702288,15.89,2.0,23.78482530498855,1.479,0.0007131520147421848,0.019060622231209527,0.22202363035260964
1.3962446919730587,13.65,2.0955609235597192,23.82,3.0,24.937574787056363,0.447,-6.0087986865024455e-05,0.01192235087930503,-0.05235639502202996
0.7514160886839212,9.88,2.1162555148025524,18.3,2.0,23.088169132086847,1.408,-0.0005323332999747266,0.01815998461952627,-0.22608908669727037
2.733717947850788,13.26,1.8357763546448294,32.92,3.0,23.350676137407522,0.637,0.000286364294451725,0.016963931070593484,0.05901684586738046
0.3506568716131694,14.46,2.124653884501384,22.24,3.0,24.093009189614502,-0.057,-0.0005704307762572485,0.015073438315355642,-0.2222995879278965
0.7929925155296614,9.18,2.0794415416798357,17.4,1.0,22.949423754188842,0.947,-0.00031243498505914737,0.020901462144080663,-0.18355174699248694
0.7561219797213337,9.86,2.392425796993835,20.93,2.0,24.679397704747924,1.067,0.0010237011232958333,0.013588165270448324,0.3875958502701106
0.6830968447064438,10.13,2.211565694606877,19.23,3.0,25.632385324764233,1.4,0.001707658387357211,0.016410307526295576,0.6542165670499831
0.6418538861723948,7.36,2.39698576841553,18.25,2.0,25.620991744807387,1.317,0.0006510214012068094,0.012930325829450338,0.2362697934010245
0.8372475245337022,14.37,2.0881534822818573,22.74,2.0,25.33179064589973,0.458,-0.0007789394655755033,0.014509956973224804,-0.2690695828551188
1.6467336971777973,7.5,1.7817091333745536,16.63,2.0,23.9300792894756,1.059,0.001175876747034148,0.012254519486885216,0.4586244973992711
0.12221763272424921,9.77,2.449279472144849,20.48,1.0,24.105583886705983,0.829,0.001557010556679602,0.012042201441340368,0.618305639052949
1.2119409739751128,11.85,2.2915241456346207,23.11,2.0,25.53527725041402,0.797,0.001451632469024206,0.01187589302086717,0.5752962702536184
1.3001916620664788,4.21,1.9035989509835904,12.59,2.0,22.737315194155126,1.182,0.00010290714096279586,0.019625529316542607,-0.03816193083877723
1.2584609896100056,9.57,2.5087859235779435,23.39,2.0,25.963845913964764,1.5,0.0017100949404675924,0.020202258204151093,0.6259166956887782
1.264126727145683,4.52,1.864080130807681,12.51,1.0,23.39265717789038,1.199,0.0005909608073529443,0.024310954834579974,0.12141229527750591
1.0296194171811581,13.75,2.6871669901857858,29.24,4.0,25.451657265440307,1.435,0.000878902053524976,0.01578780687815461,0.31355675407887884
2.460443177609626,15.42,1.7404661748405046,30.83,2.0,23.471626848176395,0.309,-0.0004471336938568003,0.012394398431148403,-0.17939859884443463
0.7747271675523681,7.33,1.9960599327407849,14.86,3.0,24.041908592878244,0.616,0.0010109816810467346,0.013210227501246884,0.38461406848041946
2.4362414778067194,17.69,2.203869120054888,36.17,4.0,25.867869901289485,1.089,0.001103041569237675,0.01692803230000327,0.3992502531923033
0.9001613499442714,11.54,2.4518667957098,23.6,2.0,25.489329030770246,0.674,0.0006781259368318082,0.011977353602960383,0.2524863594776013
1.3164082336557241,7.58,2.454447442303292,20.95,1.0,23.83031819711047,0.673,0.0012380944111336789,0.011945252840697062,0.4860617224430267
0.9001613499442714,1.89,1.7298840655099674,7.98,1.0,24.323819920131402,1.4,0.0010760079749688885,0.017560414152609522,0.383814741494061
1.6253112615903906,1.67,1.6770965609079151,10.1,0.0,24.679433447730485,0.861,-0.0003749581609064155,0.01605503952116859,-0.17402075398782604
2.341805806147327,10.13,1.7850704810772584,24.49,3.0,23.87427679210866,2.693,0.0021933786434617975,0.029639131863242487,0.7276759144291732
1.2029723039923526,4.88,1.7595805708638197,12.02,0.0,25.043988764891164,1.02,0.00142601285312573,0.018603773202809714,0.5215298190977197
1.247032293786383,3.21,1.5085119938441398,9.21,0.0,24.118786910577818,1.033,0.0006712443959279232,0.015343693635988025,0.22870992008469812
2.7536607123542622,5.86,1.8825138324965192,26.13,2.0,23.34365285893668,1.294,0.0007586826732513677,0.018427247690706593,0.24452292158305758
2.844327819394758,7.73,1.8594181177018698,29.33,1.0,23.41098857961667,0.946,0.00021072336126997323,0.01871205784547347,0.013815045652307957
1.085189268335969,10.15,2.5201129055226197,23.54,2.0,23.624742483634616,1.328,0.0004748131586687311,0.022972224123944878,0.0853023667233981
2.065596134857783,6.31,2.0360119837525,19.86,1.0,23.972065602550032,0.54,0.0005820529129889669,0.011071936788154657,0.21683254411658417
1.7457155307266483,9.29,1.840549633397487,19.32,1.0,23.188370156483188,0.825,0.0005003735101944909,0.018528413508368646,0.13675230860553958
1.9530276168241774,10.72,2.191653532286764,24.72,2.0,24.61535136814494,1.051,0.00029744515014764033,0.022333350968034946,0.017297918000593843
0.019802627296179712,5.99,1.8946168546677629,11.65,2.0,25.35364136073201,0.509,0.000422571038457825,0.016716789798588236,0.11818383789261246
1.0152306797290584,10.97,2.6304489550786583,25.61,1.0,23.788198675450907,0.671,0.0007769881473063062,0.01517237516577481,0.27571280214607413
2.2321626286975,11.31,2.020222182019865,26.17,2.0,25.179303839348137,0.399,0.0007592040263867519,0.009608377569702743,0.2970529502381223
2.1656192379208883,8.59,1.8421356765531218,21.63,2.0,23.746360084441854,0.393,0.00036723925178439883,0.014904004524740803,0.10689878997219023
1.601405740736836,10.9,2.222459048514761,23.09,2.0,25.747881561996728,1.01,0.00036179330329208617,0.01450425979728396,0.10656867030425071
1.1410330045520618,6.48,2.321406847234633,17.8,1.0,25.088805354178678,0.561,0.0006491461315577354,0.011164500535137322,0.24447120931203042
2.052840859882657,9.59,1.6620303625532709,20.66,2.0,25.1067236134606,1.256,0.0018663863960952049,0.0171811289115626,0.7154117920073235
1.890095369948917,7.74,1.937301774518713,19.3,2.0,24.444910256824404,0.975,0.0007422480765180992,0.015166101460085622,0.26076099498547345
2.3617969526258915,6.84,1.8309801823813363,21.7,2.0,23.770378441147688,0.403,0.00022105670865153174,0.011812587377629438,0.06279136620701728
0.08617769624105233,13.28,2.0162354657760435,19.89,2.0,24.41907347887079,0.484,0.00010658476666164015,0.016263272217326083,-0.011347413728901586
2.6333266549062735,10.67,1.814824742159051,28.73,2.0,23.638695443761268,0.913,-0.0001101551240805906,0.012601201921882422,-0.0736729353058509
0.12221763272424921,12.28,2.4060438013622756,22.5,3.0,24.737839469689103,1.447,0.001271914488943873,0.018556690012902166,0.457679359441657
1.308332819650179,8.8,1.9401794743463283,17.47,2.0,23.821196003500212,0.981,0.000697352440439035,0.01563329127144281,0.24000202262970363
2.9215473753646144,8.07,2.2278615467981093,33.91,2.0,25.557575730415543,1.228,0.00014085807678724299,0.015838396440961505,0.005905425986166189
0.9439058989071284,5.53,1.8946168546677629,12.75,3.0,24.579454067246488,0.441,0.0009602129156657191,0.010465896873607721,0.3772125622409579
2.017566137961748,11.22,1.8794650496471605,23.29,3.0,26.720936575667377,0.788,0.001699311887503542,0.012069859549440936,0.6773820229150734
2.4740142086215764,8.15,1.6992786164338898,23.5,2.0,23.457208196327198,0.175,-0.00020254027987175185,0.013406294641360065,-0.10912565188153005
0.9082585601768908,8.96,1.8855533485144158,16.03,1.0,24.61115506703406,1.271,0.0013908824354884348,0.01298162014898641,0.5442975330955239
1.6094379124341003,3.93,2.2159372862683733,16.09,1.0,23.312671908632396,0.916,0.00040193688644271674,0.014499707305377113,0.12326927661493013
1.1019400787607843,7.48,1.8547342683894434,14.88,1.0,26.220276849099488,1.297,0.0017307310353649255,0.020549270041813113,0.6293503190807465
0.37156355643248307,6.9,2.0162354657760435,13.87,2.0,26.031389185558545,0.819,0.00020579601810745256,0.012460736917044895,0.052814919714753196
1.7681496035889213,9.34,2.1644717908644115,21.91,1.0,24.18664709778254,0.816,0.0001420500724828158,0.017380841389341217,-0.0044972574441694375
2.0844290831908747,10.03,1.7647307968401356,21.91,2.0,24.913721321096304,1.189,0.00032478569528001977,0.012182666566215134,0.10416165126475233
1.3937663759585914,9.17,1.9286186519452522,18.08,2.0,25.1374013834623,1.312,0.0014688405537443992,0.01161320353676403,0.583990734538157
3.056827372913802,8.34,2.136530508663963,36.07,2.0,23.557108050575643,0.199,0.0002504135057470714,0.016451414087521692,0.04712697281867221
0.7466879474879752,7.64,1.9329696377795786,14.66,2.0,24.376437662538624,1.05,0.0008188412654604298,0.013978221502178225,0.30040676537382344
0.0295588022415444,15.76,1.969905654611529,21.97,3.0,25.019577875569418,0.528,-0.0009976734381585738,0.01764182665681884,-0.32492000055313186
2.8909271591878647,9.18,2.435366204227864,36.6,3.0,26.284921235177485,1.08,-0.0002971421312127853,0.013427807756340707,-0.1394695676087146
2.5603232890727545,8.84,1.890095369948917,26.4,2.0,24.617186794737968,0.602,-0.00017208517023437357,0.014970266344604749,-0.10640807860302126
2.3869262414277967,14.57,1.916922612182061,30.26,2.0,24.128726077069583,1.349,0.000822564822656613,0.01920977815932714,0.26464978511142373
2.751109690562657,7.99,1.937301774518713,28.6,3.0,24.266935581661127,1.325,0.0006153990358113937,0.01599087198674631,0.20171310245843438
1.3001916620664788,10.79,2.0135687975291283,19.95,2.0,25.413328172489617,0.929,-9.977649528445413e-05,0.01591417599036217,-0.08696427619149749
0.12221763272424921,11.87,2.4432162227337915,22.5,2.0,24.265455867267015,1.41,0.0010922651040782623,0.021227282417846622,0.3577776127971975
1.5040773967762742,8.56,1.8764069432883397,17.59,2.0,23.663215265196804,0.444,-0.0022155686749058723,0.026194820402616566,-0.509048752265321
0.12221763272424921,13.07,2.1972245773362196,21.21,3.0,23.580052873947732,0.889,9.237145657972563e-05,0.012099754045779482,0.007674124297257729
2.2731562823032334,6.66,1.8961194845522977,21.03,2.0,24.876706810870402,1.728,0.001948974739032475,0.01932234596369543,0.7331395087521296
0.8544153281560676,5.16,1.8484548129046001,11.86,2.0,26.018340041650784,0.861,0.00046381137613750933,0.014826183671188889,0.14693476850547832
0.039220713153281295,8.96,2.0425181875752383,15.7,2.0,25.849667157529673,1.398,0.0001817105064068413,0.016848671520031968,0.01572372561679893
1.33500106673234,2.81,2.0794415416798357,12.61,0.0,24.70686580587931,0.619,0.0011044788346406837,0.018460730301664067,0.38823428107157193
1.4562867329399256,12.78,1.6134299337036377,20.08,2.0,23.483396802630118,0.872,-0.0010107695076013795,0.019692113520386648,-0.3347698596510718
2.194999882314108,12.48,1.8594181177018698,25.88,1.0,23.977130971231276,1.218,0.0008640774967020778,0.013811866409113242,0.3201147276700079
2.4553061800117097,12.2,1.9933388426264242,29.19,2.0,23.392183353687358,0.858,0.0006538617377930528,0.01843703954131888,0.19957685279763837
2.188295946591918,15.0,1.713797927758343,27.47,2.0,23.674810565582373,1.303,0.00036752849742833127,0.012136706732566569,0.12218719568906447
2.7744619666214616,10.04,1.7457155307266483,29.8,2.0,23.987460450354128,0.676,0.00021554062619562182,0.012115795856170418,0.058976213064111105
2.5273273656719524,10.68,1.7595805708638197,27.01,2.0,25.2328960188456,0.457,0.00028469340046827766,0.010785376783144784,0.09425764310337566
0.06765864847381481,14.08,2.2428350885882717,22.56,2.0,23.352232841524774,0.863,0.0019054623972513084,0.020785606172471868,0.7013974304901185
2.9269179575536315,8.56,2.143589361503588,33.76,2.0,23.955494187268446,2.069,-0.00044343194524980035,0.018809587480749054,-0.20662801945919287
1.8484548129046001,10.62,2.206074192613202,24.05,1.0,24.05856964906967,1.183,-0.0006222163083196118,0.03138236900607518,-0.3333420278551492
0.12221763272424921,8.42,1.7457155307266483,13.29,2.0,24.379379716289204,0.791,0.0005844160173744811,0.012168704519070142,0.2121386162669106
1.3190856114264407,7.65,2.105352923464337,17.6,2.0,24.18041244517431,1.312,0.000950490284735583,0.016557645094458267,0.337996177944434
2.255493485460195,6.05,1.8357763546448294,19.86,2.0,25.00055418368586,1.136,0.0013848952969288586,0.012910920024181267,0.5422404849024494
2.061786606441115,10.86,1.9572739077056285,23.81,3.0,24.31490644299802,0.348,0.00020247610395073858,0.011030398380919038,0.05880464923953552
0.07696104113612832,16.3,2.0515563381903004,23.16,3.0,24.351053757083957,1.583,0.001215807559861418,0.01803942148710702,0.43743967603662104
0.8712933659434193,6.67,2.3896797998449792,17.96,1.0,23.542870105903116,0.615,0.0005176609461945838,0.015810460576440175,0.1625908772845831
2.4832385926873033,11.42,1.809926773183504,27.51,3.0,24.229054844856677,0.921,0.0008122498407931992,0.01301728578633188,0.30300435089628014
2.0731719286662407,11.05,2.1377104498038118,25.48,2.0,24.142229410410796,0.997,-0.0021112677852858676,0.02496002387671411,-0.49408992255732365
0.06765864847381481,6.03,1.8389610707123492,11.38,2.0,25.57801738681425,0.832,0.0003477127053458,0.014019614401624365,0.1033692891626508
2.6275629501895237,5.85,2.0268315914075385,25.27,2.0,23.2392656556506,1.45,0.0006589005646458965,0.016046930227835945,0.22029040345141454
2.2793164660546914,13.05,2.0215475632609334,28.36,1.0,24.8080784711575,1.293,0.0003359273227996822,0.01505356764104278,0.09217437396873902
3.052112606990099,6.67,2.1198634561787513,34.16,1.0,24.97241565421466,1.288,0.00022202460830528516,0.01655734004694083,0.03451213368332515
1.4906543764441333,5.31,1.81319474994812,13.88,1.0,25.14482457014629,0.7,0.0006802493509668044,0.01589634427533201,0.23062927951600626
1.3812818192963463,2.87,1.9530276168241774,11.91,1.0,24.13746265518755,0.91,0.000667235988199986,0.013274664863719428,0.2410648971630497
2.926382195419198,10.08,2.191653532286764,35.69,1.0,23.715474983620908,1.062,0.00036544581381336104,0.021816623632925747,0.05174883834173314
1.7351891177396608,8.56,1.8547342683894434,18.62,2.0,23.91969579269386,0.618,-0.0004091418582205672,0.015384977074174114,-0.1807966295392832
1.4951487660319727,2.84,1.9643112344262046,12.44,1.0,23.765411698992583,0.895,0.0009661887393405345,0.01482448765424231,0.35640520154757876
1.8656293177945105,6.76,1.9050881545350582,17.94,1.0,25.54435123320752,1.007,0.001747851877181721,0.017193205083987105,0.6656081832748044
2.7107133185216936,7.3,1.843719208158766,26.67,2.0,24.041128987134144,0.723,0.00032017516106181944,0.012477283593588198,0.10068548790152847
1.3506671834767394,8.08,2.1552445050953364,18.57,1.0,24.424551901031105,1.132,0.0001613798944840163,0.02310153734385598,-0.05641008385915611
2.1258479144939915,9.05,2.0068708488450007,22.86,3.0,24.423333667125114,0.601,-0.00021740539324267168,0.012712206233670866,-0.11106708773508298
1.6389967146756448,7.56,1.7647307968401356,16.56,2.0,23.583037078920693,0.958,0.0004843585589235764,0.01378893210391005,0.16174228733838406
1.6620303625532709,13.31,2.405141681319138,27.65,2.0,23.595532090088906,1.793,0.0014681542883826502,0.026306777936175245,0.4614273526097068
1.6544112780768316,3.72,2.1114245875328868,15.2,1.0,24.39133630695848,0.871,0.0006649009049659079,0.01858534263461602,0.20432461579503655
2.131796772013764,6.41,2.252343876557299,22.35,3.0,24.492116245290436,1.635,0.00017432193857691463,0.02299295441481156,-0.0410959881030268
2.330200260027019,8.29,2.0918640616783932,24.67,2.0,24.422666744361344,0.996,0.0009671521656020681,0.013489431293058542,0.36499461915576964
2.7887081041196646,9.96,2.0014800002101243,31.61,4.0,24.84994488429264,1.891,0.0006141868166517932,0.021821544241310307,0.15505445117310193
1.6714733033535532,8.75,1.840549633397487,18.37,1.0,23.572202197472308,0.748,0.0001858723525968468,0.013155447319761947,0.040739236707779514
1.8961194845522977,8.42,1.888583653863595,19.68,2.0,25.01149402666257,1.185,0.001401692481591936,0.01726578515216776,0.5219999917126737
2.4655539212721855,8.99,1.9154509415706047,25.56,3.0,23.96337117842379,0.489,0.00017414420741738873,0.011661466363099922,0.04398613553718343
1.6370530794670737,7.61,1.8562979903656263,17.15,1.0,23.249807268373708,1.057,0.0009210174913413531,0.014767297873143077,0.3382458260371967
1.6331544390514163,8.74,2.050270164379556,19.64,2.0,25.337924367335887,0.933,0.0013852987142039196,0.012363517690575511,0.5453001212076447
1.6272778305624314,8.17,1.8261608959453874,17.48,1.0,24.560456092996343,1.086,0.0006272861033073493,0.018873974863054723,0.18477448218814574
0.7839015438284094,8.15,2.1400661634962708,16.84,2.0,24.081317174499574,1.239,0.0008736870921235357,0.02117272976005891,0.26842615720454455
2.731115474033206,8.92,2.135349173618132,30.73,1.0,22.79125277657051,0.855,-0.0012623284982136334,0.02486275899298608,-0.39408669641771493
1.184789984909162,4.34,1.9198594718553708,12.42,1.0,23.013930952547458,1.256,0.00037151561781525474,0.014013574069596028,0.11350953555888071
1.252762968495368,10.03,1.9974177062012453,18.9,1.0,24.7904630830475,0.998,0.0014411937053851805,0.025621170258138797,0.4580559725259047
2.8384934971274993,13.97,1.7404661748405046,34.76,1.0,23.988302108792443,1.161,0.0004511963144514405,0.01400735739699609,0.1463630551967124
2.3389170222414357,18.9,2.0706530356467567,35.19,3.0,25.160111753612785,0.607,0.0005043624486541493,0.010827658070471674,0.1858016099651024
2.7239235502585,15.41,2.4765384001174837,40.55,3.0,25.998998166810015,1.179,0.003003682395466741,0.016556794618537374,1.1933779049905766
1.4701758451005926,8.2,1.8547342683894434,16.94,2.0,23.513620227075233,1.06,0.0006797498285179836,0.019630036892272662,0.20201527305786285
0.6931471805599453,14.34,2.154085084675602,22.97,2.0,25.36183615177643,0.196,-8.396405961547315e-05,0.014203574489260044,-0.07216540489466605
2.2321626286975,8.72,1.6272778305624314,21.13,2.0,24.449935319758094,0.091,-0.0002672566917755874,0.011794048608669882,-0.12340155308687194
0.9477893989335261,8.28,2.4414770918606643,20.35,2.0,22.97864100272367,0.808,0.00041130078438532955,0.03193322629416847,-0.11474020619787194
1.8764069432883397,4.81,1.9643112344262046,16.48,2.0,24.335584140288407,1.036,0.0007274558722924954,0.015718573913824516,0.25162163054848147
2.382320061012899,11.48,2.1029138978649784,28.5,4.0,24.701239076994327,1.439,0.0011262765815569181,0.019819682617786778,0.3865609379705824
0.9400072584914712,11.16,2.5265283244788197,24.22,4.0,28.307326460498782,1.039,0.0016259496919544738,0.0183631577398089,0.6060949988020623
1.7351891177396608,5.18,1.5686159179138452,13.66,2.0,23.674799969926156,0.913,-0.0002884800109464803,0.015246890999269612,-0.14526956171725347
1.536867219599265,10.68,2.020222182019865,20.87,1.0,24.073687494153326,0.991,0.0004234588183815511,0.018673613288834975,0.10245214839404229
1.7544036826842861,11.63,1.6582280766035324,20.66,1.0,24.225212203594968,1.009,0.0017172874197775617,0.014502606443878102,0.672359745327653
0.6312717768418579,12.76,2.551006451492524,25.45,2.0,25.755572367485797,1.353,0.0010367393568918933,0.014476119327731986,0.3878263870155689
1.7119945007591924,5.55,1.9329696377795786,16.0,2.0,24.625405813110387,1.159,0.0014851952132639973,0.015025538295214073,0.5719180283787769
2.378619779270043,8.9,2.0719132752590443,25.63,2.0,23.976229579180462,1.906,-0.00025243930396660566,0.02013117701459477,-0.16080476235333255
0.039220713153281295,2.88,1.6409365794934714,7.08,2.0,23.00738557958476,0.596,0.0004539745229008702,0.02109755991796685,0.09553031585863114
1.0885619528146082,11.19,2.2700619012884857,21.84,2.0,23.78026270222182,1.068,0.00036038661769209374,0.020427721133624184,0.0598733918304197
1.589235205116581,17.72,2.1065702090680882,28.84,3.0,25.36875988125512,1.678,0.0012669991107654354,0.014026124108063587,0.48645301684012904
1.463255402256019,5.56,1.5602476682433286,12.64,2.0,26.665197622054055,1.003,0.00045968625967100844,0.01335342730480499,0.15398333714291293
2.9922261342247034,7.2,2.0769384114617173,33.11,2.0,24.419729590240088,1.164,0.00022739894286876922,0.01800046911308331,0.025975436958813884
1.0331844833456545,7.24,2.149433913499871,16.63,1.0,24.258503025997562,0.924,0.0011218055047609206,0.0129292939560624,0.4323079707390925
1.9615022438151495,7.0,1.6956156086751528,17.56,2.0,24.717929760371387,1.31,0.0014383764304500765,0.013065680669710202,0.563436140888173
1.7173950539391927,12.08,2.2353763433005955,25.0,1.0,23.678640115034685,0.984,0.00024178396874125583,0.01160089527644906,0.07261298130424983
2.4840729690394228,10.59,2.0844290831908747,28.62,3.0,25.61127241820036,1.027,-1.2292778937115127e-05,0.010910778276434567,-0.02938209620255503
0.6678293725756554,4.14,1.8870696490323797,10.69,2.0,23.886028091530772,1.203,0.0006496817935787023,0.01988942385812735,0.18739384548064067
0.10436001532424277,5.05,1.958685340544036,11.26,2.0,24.224915822818147,1.083,0.0008792902348955088,0.017636649483424232,0.3019720150600639
2.6609585935683597,10.68,1.9459101490553132,30.0,3.0,23.60461166794139,0.248,-0.000695173249344438,0.015469111505631317,-0.2534978482039946
1.0986122886681098,5.67,1.9851308622085946,13.95,2.0,22.923450225383657,0.861,-0.00017654601933170548,0.01489264157452751,-0.10768188998962633
1.4469189829363254,4.58,1.8748743759385615,13.35,1.0,23.94060462457785,1.341,0.0003859659233881838,0.01619070578850436,0.10536053960445006
2.444084655267745,10.4,1.814824742159051,26.05,3.0,24.427561666553345,0.361,-0.00031551137973695893,0.011948600132155074,-0.13911221564009854
1.8870696490323797,9.09,1.776645831418007,19.6,0.0,23.81786635727941,0.898,0.0014496047579268386,0.01821055604379234,0.5338515942015448
0.009950330853168083,16.71,1.9080599249242156,22.47,2.0,24.359645131467026,0.509,-0.0006331760097811615,0.019193711765825783,-0.2560010348743946
1.0224509277025458,6.22,1.965712776351493,14.14,2.0,26.007714657773512,0.693,0.0009305818568581453,0.01227688299397795,0.35625804579821574
0.9932517730102833,9.25,2.2844211223663744,19.78,1.0,25.260971210352796,1.091,0.0011322392325653784,0.010698665626326789,0.44785517016452053
1.2864740258376797,7.1,2.2965670206684825,18.66,1.0,24.464805285032156,1.332,0.0005768299468914556,0.018267000079551534,0.17017526376282902
2.423031246069913,13.72,1.8468787684491346,29.34,0.0,23.46383028438777,0.949,-0.00017195381056648277,0.012675410878562623,-0.09555182964334229
2.4414770918606643,5.57,2.0320878452963655,22.69,3.0,24.005859212485632,1.233,0.00020284389730210257,0.02115338103821662,-0.015498375530582273
0.7227059828014898,16.3,2.1294214739848565,24.76,1.0,23.27226442824827,0.735,-0.00033853033966716004,0.015522322848869058,-0.16093375206142171
1.780024213009634,7.32,2.030776369698555,18.87,3.0,25.242940448284912,1.02,-3.391388274339902e-05,0.02826640411925934,-0.161658061525386
0.6780335427498971,10.7,1.7457155307266483,16.41,2.0,25.922530333199166,1.243,0.0013102982042136196,0.01800176412023625,0.4769646547703333
2.7819200496686656,4.5,1.7595805708638197,24.47,3.0,23.574545658521647,1.01,0.0009137271230789184,0.017999961201077514,0.31291865187919254
0.039220713153281295,5.0,1.8373699804801074,10.32,1.0,23.18539052137998,1.084,4.427836635139025e-05,0.015843249655555103,-0.03432565816161425
0.832909122935104,10.62,2.1065702090680882,19.14,2.0,24.501719780491985,1.498,0.0006569324347911827,0.017450784405774952,0.2102083023349005
1.791759469228055,3.74,1.9110228900548727,14.5,2.0,24.269121992749497,1.026,0.0020865200863946208,0.014624120572825762,0.8242849872920959
1.536867219599265,9.58,2.179286876649552,21.07,1.0,25.88586498081912,1.395,0.0016384511002204673,0.017642087250366433,0.6176540136706401
0.10436001532424277,13.17,1.8931119634883424,18.93,1.0,24.394656624771716,1.323,0.001027201919818211,0.01568632206727509,0.3768615436971243
2.0794415416798357,11.78,2.017566137961748,25.29,2.0,25.05067949720038,1.112,0.0004017526742632146,0.011624405220905094,0.1390196010558891
0.5481214085096876,11.02,2.488234439880675,22.79,2.0,22.734231996209797,1.423,4.456693381128937e-05,0.019684553766527415,-0.060172486473546526
1.8389610707123492,11.46,1.890095369948917,22.37,3.0,23.614110059269233,0.721,0.0006153747050577588,0.013422524516882979,0.21830047137833178
1.4539530095937052,6.55,1.791759469228055,14.82,1.0,23.564260412603414,1.153,0.00014933497032445844,0.016614217953900966,0.0034701644969594293
1.7029282555214393,4.55,1.8547342683894434,14.43,3.0,24.608496777191576,1.3,0.0004194202786339263,0.016299986023706834,0.11802329619469884
1.6714733033535532,8.66,1.8991179875485542,18.66,0.0,23.281201342833928,0.638,7.386151396692524e-05,0.015005328805854092,-0.017283100594370573
0.6523251860396903,15.02,2.200552367428894,23.98,4.0,26.720159592317305,0.519,-0.00011933004273920888,0.010233927586354117,-0.0669067879174576
1.0367368849500223,7.2,1.916922612182061,14.82,1.0,23.27639421660141,0.921,0.0005485312403950979,0.01585988887274351,0.17831730410453547
0.7466879474879752,16.45,2.5416019934645457,29.26,3.0,27.11241485700105,1.105,0.0013044557458553793,0.012793423734507271,0.5090478952322869
2.454447442303292,13.35,1.682688374173693,28.37,2.0,24.04649003948555,0.394,0.000554103704124721,0.014828913572569064,0.1861220199221576
0.9516578757114464,9.16,2.4561641809223462,21.42,1.0,23.456261076467968,1.238,0.0004055719298157586,0.03004122673607814,-0.030754512633449343
0.7884573603642702,1.75,1.7316555451583497,7.6,1.0,23.985832722558207,0.974,-6.352697822434779e-05,0.01893387859640515,-0.09385197153386518
2.673458756332591,14.05,1.969905654611529,33.7,3.0,24.469615885168356,0.478,-0.00026614576891791623,0.011821238451501659,-0.12327170281724685
1.208960345836975,2.58,1.9416152247724325,10.9,0.0,23.509458437464215,1.492,0.00034958537511863117,0.016146931063044212,0.09084897133290915
2.1294214739848565,5.13,1.7298840655099674,17.19,0.0,25.32262634998886,1.276,0.002148298926613208,0.023502294788430342,0.7775581595303386
2.4362414778067194,10.4,2.1564025828159643,28.48,2.0,24.60621301475379,0.403,0.00018515544941005593,0.010578933998877594,0.0536026589163108
2.2278615467981093,7.19,1.501852701754163,18.96,2.0,24.591369490679714,0.921,0.0004922943910539977,0.010879287425413765,0.18037627435644443
0.08617769624105233,8.02,1.6074359097634274,12.1,2.0,23.240245335254034,1.688,0.0011006533829792235,0.024345101856965402,0.33238838016975636
2.1077860146889784,9.54,1.7681496035889213,21.63,3.0,26.45805807115908,0.609,0.00037069605191855697,0.008083560696929604,0.1408319273553194
2.0215475632609334,9.12,1.8870696490323797,21.27,3.0,24.427658159527855,0.46,0.0005100940233547772,0.012613554583283854,0.17943149942971015
0.4637340162321401,4.25,2.528125768907977,16.38,2.0,23.580006748649296,0.818,0.0008613800437338306,0.010599640054321837,0.3354232657527422
1.4747630091074988,9.03,1.8325814637483102,17.65,2.0,23.76086138444502,0.704,0.001103004519140896,0.014487477247418215,0.4146230325988865
2.506341930508065,8.55,1.8794650496471605,25.36,2.0,24.65329549868382,1.609,0.0018041043641451495,0.01804854765523387,0.6827650910591235
0.35767444427181594,12.71,2.028148247292285,19.74,2.0,23.670884315354364,1.041,0.00036713002277138186,0.01290262727377032,0.11811740233417306
1.5686159179138452,4.0,1.451613827240533,11.07,2.0,23.09829952389453,1.283,-0.0004838221249166085,0.016087668783436766,-0.20523441912268173
1.264126727145683,12.6,2.316487998163037,24.28,2.0,27.427616511139068,0.422,0.002492030277944832,0.018473888408981894,0.967084208731797
2.192770226986839,15.11,2.0930978681273213,30.18,3.0,25.640028603195354,0.469,0.00047276738867358303,0.010606479868001275,0.17367043397205925
2.255493485460195,6.55,1.9851308622085946,21.36,0.0,23.465445560814697,0.57,0.00019504333715989326,0.011985648278345805,0.05104947746651818
1.4609379041156565,5.31,1.4279160358107101,11.78,2.0,25.70437428064739,1.09,0.0006405606013062122,0.0146228557644002,0.2219370697171153
1.7047480922384253,3.97,1.814824742159051,13.61,1.0,25.323325082229747,1.483,0.001937144106603042,0.024065854715293312,0.6839449819217392
0.9477893989335261,9.86,1.8718021769015913,16.94,2.0,24.206738108339778,1.253,-0.00029206290994822516,0.0214287025209247,-0.18034567106181726
2.488234439880675,13.69,1.9387416595767009,30.67,2.0,23.56234126144456,1.162,-4.363771503957316e-05,0.021703383998103162,-0.10695429746064397
1.1939224684724346,7.72,2.269028309465203,18.69,2.0,24.140608354482357,1.113,-0.00040061611943881156,0.017888823363150518,-0.1902969624134115
2.6741486494265287,2.1,1.8066480817218056,20.69,2.0,24.153381127916923,1.082,0.00047475286317318424,0.013167056231528728,0.16138719681671113
1.1474024528375417,6.66,2.2267833795777636,17.07,4.0,26.86063020652543,1.103,0.0008525670524556736,0.010542614558907315,0.331972122470827
1.589235205116581,2.95,1.9810014688665833,13.09,1.0,23.718643641333628,0.873,0.00020432908900887877,0.014028912224603498,0.04374653352712432
2.256541154492639,9.16,1.551808799597464,21.43,3.0,24.917902645796797,1.591,0.0012146186634400275,0.01435184928921977,0.4627438484815768
2.373043556642607,5.64,2.05668455455722,22.19,1.0,23.59867797117287,1.247,0.0013856978392816552,0.01690511350614512,0.5174673812757125
2.1471001901536506,12.56,1.922787731634459,25.95,3.0,26.073793732650294,0.724,0.00026143693826161167,0.009986171000371333,0.08805126587838588
2.7880929087757464,9.16,2.128231705849268,31.82,1.0,24.444391833454215,1.519,0.0006564944488823208,0.02173080562547917,0.17311390150176062
0.9745596399981308,7.28,1.986503546020567,15.23,3.0,24.934037608626326,0.441,0.0010555612019910933,0.012842300004095877,0.40472580287050386
0.959350221334602,6.09,2.21046980408624,15.82,2.0,25.203798238286986,1.29,0.0014488232782020618,0.013049027578082743,0.567680136568927
2.1077860146889784,9.39,1.8578592709325787,22.02,3.0,25.33732727626201,0.548,0.00025306656161621575,0.010880088843316878,0.08058824325775654
1.0224509277025458,13.43,2.1482677326096886,22.77,3.0,25.456625423380963,0.854,0.0003787136202658977,0.012707240112099104,0.12386947508740202
0.5247285289349821,6.96,2.2793164660546914,16.43,2.0,24.727347223298015,1.029,0.00029115701540616186,0.015334571965011232,0.07127257549666494
1.3110318766193438,21.09,2.4239173781615704,34.08,4.0,27.936135659616344,1.213,0.00374117971376112,0.025050341837235708,1.4301133157465473
0.832909122935104,12.97,2.4414770918606643,24.76,2.0,23.148358842741757,2.236,0.0005145159177867162,0.020811578609672438,0.12178148236212902
1.9095425048844386,4.19,1.6467336971777973,14.14,2.0,23.009204002826678,1.375,0.00117698787522937,0.023792832407201397,0.3728083588872082
2.363680192353857,11.09,1.8484548129046001,26.07,2.0,23.848656014086888,0.758,1.4801906112480349e-05,0.01515476246033582,-0.04038584209907026
2.8724340572094973,4.77,2.269028309465203,30.12,2.0,24.208772931284738,0.908,0.0012195249665250384,0.015580221781978142,0.4570874943299491
0.08617769624105233,11.31,2.367436065313662,21.07,2.0,25.456646393767212,0.937,0.0008049914509184662,0.009793859073524735,0.3153268958947238
2.9025198918318122,13.59,2.020222182019865,37.35,5.0,25.018879350562617,0.995,0.0008545147286853821,0.020063620344874095,0.2740924104910559
2.570319527636131,12.04,1.809926773183504,29.23,2.0,24.63572961819862,0.737,-7.841990339952528e-05,0.013625483928702036,-0.0673597226743445
1.9600947840472698,17.64,2.149433913499871,31.32,3.0,25.179519586402144,0.687,0.00046587932681005264,0.011417868800051845,0.16656389946055725
2.6993457604720636,11.05,2.2617630984737906,33.52,2.0,22.824109855015433,1.363,-0.0007245335240309688,0.02142332101796843,-0.28503961556951657
2.895359299407204,8.15,1.8325814637483102,30.49,3.0,24.72777076929411,1.364,0.0012992900710027038,0.018584467786523787,0.4680182371528136
1.0473189942805592,10.64,2.2925347571405443,21.39,3.0,26.4265238383072,0.401,0.00023389987008815618,0.012618829681411337,0.06370024248065387
3.094219220268645,9.05,2.151762203259462,37.72,2.0,23.4514270058422,2.169,0.00045977285431619646,0.01954489190354155,0.11099982159811793
0.76080582903376,12.91,2.4449523342809676,24.58,2.0,25.81043920235078,1.357,0.0005748876807839358,0.015397906577075586,0.18954767130855288
0.9439058989071284,6.97,2.167910189667444,16.27,1.0,24.519646009591774,1.111,0.0007272605380167339,0.01840756615529203,0.2302998118300131
0.9001613499442714,7.53,1.9558604799084813,15.06,3.0,28.8048915574316,0.896,0.0014358340000602838,0.014433360333917997,0.5545345340388919
1.1817271953786161,5.07,1.916922612182061,13.13,1.0,25.026527002343958,0.977,0.0013615432184135043,0.011287060343588687,0.5407691236013902
1.2892326482767593,10.32,2.6796507265805123,26.53,1.0,24.091530660513826,0.744,0.000599601346836488,0.019231485396841382,0.17160697794498653
0.6931471805599453,7.41,1.7387102481382397,13.1,0.0,24.109811266185112,1.139,0.0001407690705138658,0.018887137459012476,-0.015469378087850537
2.1077860146889784,5.46,1.8702625307159986,18.18,2.0,25.31217827895559,1.176,0.0018886050615579705,0.025702629894894097,0.6474493109173405
2.299580583973747,10.9,1.9572739077056285,25.94,2.0,22.88524254442836,2.712,0.001497584875179137,0.03153390498655757,0.4110704987820915
0.0295588022415444,5.63,2.131796772013764,13.09,1.0,24.463989985422735,0.962,0.00047340436473119416,0.014158206719273531,0.15452076016389862
2.217027204632399,11.61,1.8082887711792655,24.89,1.0,23.403710147115824,0.902,0.0002964687270707464,0.014989042267249656,0.07496583484937437
2.3398808777377424,8.3,1.8870696490323797,23.27,2.0,25.886010215734977,0.551,5.6229445567183836e-05,0.01727661394324723,-0.03883982898243958
2.0856720914304723,8.24,1.827769906751088,20.52,3.0,24.833155765951943,0.513,0.0004041635225629656,0.021142394360021684,0.07403588754178886
0.08617769624105233,7.31,2.303584593327129,16.41,2.0,26.43825534644273,1.262,0.0023113607214732147,0.021529586769271948,0.8662011225197164
2.563409711275944,9.17,1.7698546338400052,26.02,3.0,23.458915682328172,0.504,0.0005199389743841237,0.012014673428061222,0.18632231161180499
1.3812818192963463,9.99,2.0347056478384444,19.61,3.0,25.518298991671116,1.014,-0.0006588832920012422,0.018908477820719267,-0.261100310095713
2.1736147116970854,14.37,1.851599469584072,27.53,2.0,25.057061766937338,0.337,1.011437751448149e-05,0.013197117976712167,-0.031192739465958824
1.6074359097634274,6.04,2.0241930674493576,16.59,0.0,25.936675315955224,0.987,0.0021359765507607768,0.020939045486419117,0.796560275933376
2.8791984572980396,9.5,1.900613874140137,31.97,2.0,23.543621663124593,1.085,0.002532989081005475,0.01894224096876792,0.9792229054740927
2.199444334074532,10.48,1.8594181177018698,23.92,3.0,24.746145977648634,1.307,0.00019591691506701345,0.015165107880815485,0.03358393936964903
1.1600209167967532,7.74,1.8718021769015913,15.43,1.0,23.916921021499135,1.219,0.0018141198616097073,0.018478814674697214,0.6860485077503248
1.0543120297715298,11.83,2.413231613081109,23.86,2.0,23.628990577715363,1.096,0.00021122438149529378,0.018442801625422278,0.01580231039730883
2.33214389523559,14.72,2.2823823856765264,32.82,2.0,24.247560477593016,1.563,0.000537201104935071,0.018963995615756533,0.1476330493434761
1.1939224684724346,4.95,1.9933388426264242,13.59,2.0,28.673212122129904,1.673,0.005617234178499876,0.03219999421256459,2.1209200268789266
2.105352923464337,7.82,1.8309801823813363,20.27,1.0,24.09718437140214,1.187,0.0017718973867990547,0.014735131382413225,0.6924736854708082
0.019802627296179712,4.74,2.0438143640366846,11.47,2.0,23.43514375372246,1.358,0.0011746066927873476,0.015783881990794862,0.4370202929926868
2.259677591982769,5.45,1.918392120161421,19.84,1.0,24.804917749905204,1.497,0.0014281604400835156,0.020848230014774524,0.5028349842670501
1.6882490928583902,5.32,1.9080599249242156,15.47,2.0,24.72304243944237,0.992,5.143266176201669e-06,0.01172879284993698,-0.026144248218330543
2.4706386779902956,11.01,1.4609379041156565,25.15,1.0,24.73582980822388,1.634,0.000977694982911798,0.013681364935002417,0.3677488689408043
0.08617769624105233,9.33,2.061786606441115,16.28,1.0,23.714155067527198,0.964,0.0005747465810300672,0.014255363548361473,0.19629912163036928
2.548663615590751,5.69,1.7833912195575383,22.43,1.0,24.144043067660142,1.656,0.0010117981379189228,0.029380919076952467,0.23421659992709423
0.4054651081081644,7.79,1.8870696490323797,13.89,2.0,26.86326752438319,1.0,0.0014412312678872372,0.019045320965522576,0.5233365561007872
0.13102826240640408,8.15,1.5602476682433286,12.05,1.0,24.906661817251614,0.924,0.000788782965459113,0.0125313567353227,0.2956877040442934
3.2573270112424533,9.7,2.075684492802124,41.66,2.0,24.58813885764413,1.605,-4.2355283722054826e-05,0.015595663924628954,-0.06453851723227089
0.5306282510621704,7.62,1.8870696490323797,13.92,1.0,25.447938179956832,1.132,0.002695064002153457,0.026620255396075015,0.9631219625499726
0.10436001532424277,7.51,2.124653884501384,14.99,3.0,22.728052519861144,1.77,-0.00046528087710443877,0.036617664980196245,-0.32688586753025517
1.43746264769429,7.16,1.9960599327407849,16.73,1.0,24.607578255145143,0.993,0.00038224323557182566,0.0127888198985619,0.12477195713448808
2.2364452904895007,10.99,2.2300144001592104,27.64,3.0,24.66229124460435,0.901,0.0010349665663558904,0.015193835754546222,0.3823408696336594
2.3589654264301534,15.38,1.8594181177018698,30.38,4.0,24.680841456835974,1.017,0.0006242738311060819,0.01232515514025504,0.22823264008683045
2.601207105484161,9.28,1.8656293177945105,27.23,2.0,24.46637724960543,0.623,0.000699376320416948,0.011556204899991667,0.26341746274770905
2.1126345090356,9.63,1.8180767775454285,22.06,3.0,26.216094036038253,0.541,-3.960495690126783e-05,0.009883151150505627,-0.03575034431453656
1.1378330018213911,12.85,2.363680192353857,24.59,3.0,25.853387368233424,0.617,-0.001256338791187034,0.014590809166426128,-0.36051071441428534
0.5933268452777344,5.82,2.1471001901536506,14.19,1.0,23.68912481303792,1.192,4.7061538147911645e-05,0.015046869224892246,-0.02766670770588644
2.3608540011180215,12.23,2.046401687601636,28.57,3.0,26.747359792672196,0.407,0.0003413776943530713,0.009399650475035607,0.12376882365757418
0.8960880245566356,8.5,2.4042387467205457,20.02,2.0,25.73721150108328,0.353,0.0017277912466019207,0.016548240135300818,0.661611622053396
2.347558458636777,13.78,1.979621206397625,29.48,2.0,25.077695598397636,1.431,0.0018773311266361873,0.017031857362181543,0.721331373372683
2.321406847234633,7.31,1.7783364488959144,21.42,2.0,24.095680320280714,1.627,0.00269701853781236,0.019016242542253866,1.0471670249790999
2.7053799725463312,1.06,1.5303947050936475,18.64,1.0,23.68195669396627,0.786,0.0012628924611222372,0.014111255764703486,0.48463722629297507
1.3190856114264407,2.5,1.7967470107390942,10.27,1.0,25.50826947791036,1.083,0.00043232028828659315,0.016019036700447888,0.12598231420553538
1.4861396960896067,13.54,2.5249283241374862,28.45,3.0,25.97866527537766,0.578,0.0005274006761352489,0.0105467113672537,0.1964528699256871
1.0784095813505903,13.29,2.4706386779902956,26.07,3.0,25.001896048993327,1.128,0.0005179728981941007,0.01782215928109099,0.1486728404863065
1.9416152247724325,10.01,1.9558604799084813,22.06,1.0,23.466806578197627,1.191,0.0017731214459617494,0.017575476871211925,0.6740500671983968
2.7549337870010606,10.23,1.922787731634459,30.79,1.0,23.06266303404938,0.516,0.00046191474391638266,0.012568096136911821,0.15932476597684025
2.4832385926873033,7.7,2.020222182019865,25.21,2.0,24.1156383026987,1.25,0.00015052952236530872,0.013808961162283693,0.022528913851170815
2.89480635496403,8.9,1.8453002361560848,31.32,2.0,23.905910287629673,0.835,0.00027594341223215267,0.011182795614436554,0.08875070010603249
0.49469624183610705,10.01,2.327277705584417,19.91,1.0,24.469677178995997,1.286,0.0005877191736540138,0.014964674583841096,0.19715536370442308
1.747459210331475,2.61,1.9021075263969205,13.05,1.0,24.87477530592164,0.67,0.0006473704313505229,0.014413690183316152,0.22604257770189126
3.080073421987742,8.82,1.9242486522741338,35.43,3.0,24.70672356835469,1.322,0.0009361305764026006,0.01707216263021306,0.32843675264875694
1.7783364488959144,8.61,1.851599469584072,18.9,0.0,23.772904599406555,1.177,0.0010540517427161903,0.013065026893486747,0.4033176252229819
2.5764217586237734,15.73,2.306577114263583,36.91,2.0,24.421021645035463,1.009,0.0017897449071710755,0.018840424048649648,0.6712536260427894
1.3428648031925547,9.19,1.9095425048844386,17.77,2.0,25.018816717281965,1.438,0.00019143718294360192,0.022472438219952415,-0.028420410637296372
1.8468787684491346,4.5,1.8794650496471605,15.39,3.0,25.959344987420042,1.284,0.0014277350149575466,0.022013396252775784,0.4918025891671498
2.589266665112243,8.5,2.163323025660538,28.52,0.0,22.977686418434573,1.457,0.0008651195116805893,0.021381098632453407,0.26243329940835625
2.21375387928743,7.68,1.7715567619105355,20.71,3.0,24.50048980358603,2.621,0.0031799909223384605,0.022437138346262868,1.2177554288604029
1.551808799597464,3.21,1.7526720805200082,11.71,0.0,23.337201877947503,1.218,0.00043795042330114104,0.013227534245790547,0.14577116152523734
0.29266961396282,10.96,2.046401687601636,18.04,2.0,25.56831247603338,0.122,0.0012860963474826876,0.013502491187342633,0.49733263035285036
1.0367368849500223,6.67,2.2364452904895007,16.85,2.0,23.749419012531966,1.188,0.00041529439890867294,0.02007885066351164,0.08693378151814889
1.208960345836975,11.23,2.67000213346468,27.02,2.0,23.93625247233018,1.03,0.00041638246331149895,0.0159649555594921,0.11942567374164804
0.7975071958841881,7.79,1.890095369948917,14.62,2.0,23.142592026433377,1.502,0.0012645328795552102,0.019150650510980395,0.45082628426213034
1.5129270120532565,12.41,2.4362414778067194,26.39,1.0,24.333994748406713,0.691,0.0006450381361379292,0.022696134817190582,0.15847942508570223
1.851599469584072,6.64,1.8946168546677629,17.67,2.0,24.119936842841756,1.363,0.00028242774894797875,0.018896926612373195,0.039783989122304284
1.0152306797290584,10.63,2.0693912058263346,19.31,1.0,23.937882163377687,0.697,0.0008583371943344492,0.013824533724812117,0.31693538169796714
1.7351891177396608,9.67,1.958685340544036,20.44,0.0,24.811973841732943,1.022,0.0006409590602596548,0.01052329300392969,0.24380057583045897
1.0260415958332743,10.76,1.8991179875485542,18.23,2.0,24.651479601328194,1.092,0.0007146057921661604,0.013014228244420669,0.2625701035239117
2.5006159434931803,6.02,1.547562508716013,20.91,3.0,24.889885380588538,0.707,0.0011995682859153728,0.009441740589163633,0.48121857256001194
0.5596157879354227,10.1,1.9242486522741338,16.7,2.0,23.440984281396076,1.046,-0.00015025304521776864,0.019119089925610774,-0.1237951788678275
1.413423028508143,3.23,1.8293763327993617,11.58,0.0,23.99437124022145,0.664,-0.00035019366450182536,0.018330309509742886,-0.1785639689977748
1.9154509415706047,14.62,1.6620303625532709,24.67,3.0,25.41723239915385,0.96,4.774010271619907e-05,0.02021140325206827,-0.06023369089410961
1.220829921392359,8.95,2.5603232890727545,23.28,2.0,25.481247716671287,0.964,-0.0002861622148280118,0.022668795160134866,-0.1869079180771348
2.7285062096695922,9.2,1.9242486522741338,29.35,2.0,25.28365586923784,1.168,0.0011523723924321814,0.014809170263947716,0.43378838688072663
2.6311691567662523,11.99,1.8825138324965192,30.45,2.0,23.277571098553178,0.232,-0.0006956928233806446,0.013132577047284271,-0.24584143146217818
2.206074192613202,6.29,1.9329696377795786,20.28,1.0,24.79950345775307,1.528,-0.00019356585629319567,0.019013027951921325,-0.13612508495561773
2.302585092994046,13.91,2.154085084675602,30.53,2.0,23.419716633984677,0.974,0.0006093988183353729,0.01392934707660565,0.21267825324294817
1.4678743481123135,6.93,1.6409365794934714,14.42,0.0,25.069051541330133,1.078,0.0013487983471958712,0.01904265022721773,0.48570035325116123
2.7523860149222616,11.0,2.1162555148025524,32.98,2.0,25.312213914764616,0.509,0.0005053272398042689,0.011329804908680642,0.18371140752140658
1.5748464676644813,3.99,1.9671123567059163,13.98,1.0,24.847472933676798,1.769,0.0009662632741018714,0.015311758506979937,0.35330875515532045
0.0,6.22,2.05668455455722,13.04,1.0,25.82963543927363,1.177,0.0011006077647261238,0.012423384564163736,0.42610564714096666
2.4731713935695794,7.85,1.7715567619105355,23.59,2.0,24.69643293697811,0.759,0.00023143929962187828,0.011831423425463986,0.06699139381308099
2.4475508632442313,14.36,2.203869120054888,32.98,1.0,23.59491623881853,1.327,0.0007716637503065434,0.020978107675099167,0.22773532090927806
0.959350221334602,12.95,2.3532782073095637,24.08,1.0,23.97702101168046,1.495,0.00040217698005702584,0.01704031110737831,0.10523291952065228
0.9516578757114464,3.8,1.8341801851120072,10.66,1.0,23.790607541773845,1.058,0.0017933937781507575,0.021228648734371126,0.651726681129301
2.34660197841082,10.04,1.8213182714695995,24.66,2.0,24.553692941088404,0.873,0.0002145338061276755,0.012537123536507207,0.056003188241255025
1.791759469228055,12.51,2.174751721484161,25.31,2.0,23.486925921330062,1.236,0.0009310620035383247,0.02098531214848176,0.2952657647258067
2.551006451492524,8.93,2.105352923464337,27.95,1.0,23.46619648232146,1.204,0.0006903336478984423,0.021240142267165446,0.19139624535296415
0.12221763272424921,9.89,2.1102132003465894,17.28,2.0,23.690661159178408,1.612,0.0012537505281405763,0.019810280641557702,0.4393597843803566
1.6074359097634274,13.24,2.4874035299865875,28.26,2.0,25.6772933992507,0.919,0.001009660330191337,0.013649870565641205,0.3818165805910947
1.8594181177018698,6.05,1.6992786164338898,15.95,2.0,24.366899552891336,1.198,0.00013167812343045768,0.011788374231498581,0.025722428407871527
1.449269160281279,13.94,2.0438143640366846,23.91,3.0,25.77419710917976,0.733,0.0002649798907284456,0.015425601950398533,0.0600594479643828
2.1102132003465894,8.61,1.873339456220478,21.37,2.0,23.16621642727011,0.814,0.00031455105181460083,0.014311798750910865,0.08766857387621728
2.565718292524414,17.71,2.302585092994046,38.72,2.0,25.069385737404843,1.41,0.001985379533980675,0.014012472400476659,0.7859233927126194
1.918392120161421,4.44,1.713797927758343,14.8,0.0,24.527996506419555,1.325,0.0007885396889537533,0.013152916060688835,0.29238060103090746
2.0930978681273213,4.89,1.7967470107390942,17.03,0.0,23.77564116032146,1.492,0.0014005886004476238,0.02363344184462698,0.46447513219698305
1.763017000362401,16.12,2.269028309465203,29.63,2.0,23.15477603076097,1.156,0.00011401394131578306,0.01773833388646322,-0.018558000170060433
1.0750024230289759,7.55,1.7681496035889213,14.35,3.0,24.977593374745734,1.238,0.00022341305368614762,0.0197760919317533,0.012379391406694466
1.0612565021243408,7.65,1.7647307968401356,14.38,2.0,25.62783226098331,0.889,0.0010036276473147445,0.010572029273817196,0.3949044860751808
0.8919980393051105,4.89,2.010894999144726,12.81,3.0,26.18115952989548,0.778,0.0003486617413230387,0.013652131272666257,0.10605266176863948
1.6467336971777973,13.38,2.0881534822818573,24.63,3.0,26.204668202130005,0.507,0.0009131164426666285,0.010558318329325675,0.3571351916581701
0.7419373447293773,8.57,1.8213182714695995,14.84,2.0,23.022240863183807,1.552,0.0003414936487721187,0.020327829775741234,0.05364693045458208
2.7232671669070703,14.75,1.6563214983329508,33.21,2.0,24.22895965805004,2.252,0.0018653391236297713,0.014647123705543658,0.7320139109027958
1.5602476682433286,3.43,1.8293763327993617,12.41,0.0,23.379304491183014,1.484,0.0004353992466681208,0.017789799885545767,0.11364625797392974
1.220829921392359,8.95,1.8825138324965192,16.91,1.0,23.902268209327755,1.427,7.027447183687259e-05,0.016608738965645777,-0.028094531567760407
0.6981347220709844,9.3,2.3997118037247684,20.33,1.0,24.734567506210176,0.629,0.0005656376753050488,0.013379030870744288,0.19790253531059335
1.4883995840570443,8.19,1.6992786164338898,16.1,2.0,24.119542656775838,0.799,0.0005511382174389403,0.015149660042908748,0.18132783119206516
1.4609379041156565,14.08,2.180417459019838,25.23,3.0,27.313515441887223,2.29,0.0022325211544508964,0.03396650628670565,0.6834331939720067
2.7093826463359885,12.39,2.3523271848888596,35.92,4.0,23.81467607143768,0.777,0.00015856833004291974,0.01588278405966876,0.01110165582941276
1.6845453849209058,5.71,1.809926773183504,15.2,2.0,25.160443128342624,1.212,0.0019204555086258708,0.016080226640979373,0.7459463827774921
2.1701959049483,5.96,2.0706530356467567,20.65,2.0,25.93754016125335,0.976,0.0007768277938198945,0.015599497527659881,0.2725257659003605
2.4782176616372036,16.08,2.0294631718735947,33.61,2.0,23.5337056579828,1.231,0.0007341819401281718,0.01468938933194676,0.2608521863757015
2.4664031782234406,12.79,1.7984040119467235,28.61,2.0,23.5745398611359,1.434,0.0007163299307321279,0.02481982591150184,0.16852081488882517
1.551808799597464,3.91,1.986503546020567,13.92,1.0,23.59387280710047,0.841,0.00044025823280518205,0.013916301336951828,0.14272066581427545
1.547562508716013,20.68,2.2617630984737906,32.98,3.0,23.47545584905168,1.282,0.0013616213852720284,0.0161967995570223,0.5120309844073954
1.6253112615903906,7.25,1.6639260977181702,15.61,2.0,23.652031874339343,1.312,-0.0005070446974279449,0.019071296607387257,-0.224639380569352
0.0295588022415444,9.67,1.8855533485144158,15.3,3.0,27.003097237032335,0.595,0.0004119027521437565,0.014198661339843321,0.12925145408103045
2.1162555148025524,10.55,1.8870696490323797,23.45,2.0,25.763214976741118,1.053,0.0005926465412573028,0.013370930322996489,0.21001211453775742
1.6428726885203377,8.91,1.8702625307159986,18.57,2.0,25.427570252214462,0.977,-0.0006101293625352769,0.016015260960142514,-0.23633771283705138
1.843719208158766,6.13,1.8594181177018698,16.86,1.0,24.655247838326876,1.681,0.0020375081204446564,0.02356687830052161,0.7314283513402504
1.0116009116784799,15.5,2.6397713603489157,30.26,3.0,24.968028766704023,1.054,0.00037314154294421087,0.021575886905087143,0.05639896981549778
1.0331844833456545,8.22,2.0347056478384444,16.68,3.0,27.06422594972721,0.963,0.0007367958083776534,0.0097544872228847,0.28713945430265003
3.0516399054922867,7.42,1.7900914121273581,32.56,2.0,24.49620159895386,1.381,0.0006735601064066046,0.01942403449088438,0.20076910590251465
2.668616131856803,6.81,2.307572634505085,29.28,2.0,24.20051479349697,0.815,0.0009024545938785077,0.014614227549492044,0.33106296348324626
0.048790164169432,12.49,1.7884205679625405,17.53,1.0,24.37051315515687,0.863,0.0011124193131864764,0.012500923726093351,0.4307434906096705
1.747459210331475,10.77,1.9154509415706047,21.3,1.0,23.60510889851967,0.903,-0.00015616032066024886,0.01157470330955329,-0.08548322269848695
0.5596157879354227,15.4,2.0241930674493576,22.72,2.0,25.562108339352765,0.406,0.0014203063280392018,0.014146722644949405,0.550292457441797
1.4861396960896067,3.89,1.8809906029559975,12.86,0.0,24.009091302702874,1.388,0.000873338994798396,0.015375860470530772,0.3140559462646083
1.556037135706985,9.59,1.8547342683894434,18.73,3.0,25.94662066598913,0.407,0.00019836275424606664,0.014157238165328899,0.0405427904402932
1.8500283773520307,11.99,1.9430489167742813,23.33,2.0,24.1411439184428,1.273,0.0013612366431305623,0.013251513772835306,0.530498541326449
0.8544153281560676,8.19,1.8066480817218056,14.62,0.0,23.695129721395762,0.955,0.00018328135229020537,0.01868709832223917,0.0021967513616094913
1.0260415958332743,9.29,1.8213182714695995,16.25,3.0,22.78011304643317,0.683,-0.002997002491695452,0.02508634393898846,-0.5603453593769161
0.9082585601768908,3.91,1.9530276168241774,11.43,2.0,23.842544587397896,1.38,0.0020630198545256904,0.0241356647727857,0.736296880779678
2.664446563620078,8.96,1.81319474994812,27.46,1.0,24.137309544788597,0.435,4.530448757733829e-05,0.012128849888870457,-0.011929461188469801
1.6563214983329508,3.49,1.8718021769015913,13.23,1.0,25.088778391325942,1.201,0.0015069660712517142,0.0135754848599453,0.5891963902651224
1.1151415906193203,14.75,3.0170044088295307,36.24,5.0,25.946533689699475,1.161,0.0009451764630758984,0.016560700703120018,0.33585672469737243
2.2071749081893874,5.24,1.463255402256019,16.65,2.0,25.149332764239194,0.753,0.0007793824959732546,0.010790652060267612,0.30033804233322553
2.2741856184723477,10.13,1.3762440252663892,21.82,2.0,24.739610724521288,1.079,0.0009199343096387159,0.011985428120612492,0.3532163665220732
1.925707441737794,12.36,2.0856720914304723,25.26,3.0,27.171848898002445,0.515,0.0012024042681579629,0.010408068336552563,0.47836861559827204
1.0885619528146082,7.95,2.558002204858551,21.83,1.0,23.830419698497447,0.623,0.0006022755993951966,0.013882631284716774,0.2101077668317817
0.06765864847381481,7.83,2.464703942470481,18.66,2.0,24.116088760414577,0.745,0.0005103109219928375,0.013360309181528198,0.17513778871775773
2.307572634505085,4.18,1.4929040961781488,16.68,2.0,23.908925019851957,1.418,7.628243008980004e-05,0.014459602287230307,-0.011918350998316252
1.4747630091074988,11.75,2.449279472144849,25.7,2.0,22.906995319393722,1.799,-9.239243476201473e-05,0.018051365054414178,-0.09710321402533252
2.617395832834079,9.26,1.7029282555214393,26.45,2.0,24.30656885878865,0.397,-0.00023246912492187594,0.013360110789513328,-0.11881322257210461
3.1826266921930797,10.01,2.2491843162669305,41.6,3.0,26.952333540590807,0.878,0.00034641165398546103,0.014200684561035617,0.10193714376107377
1.6620303625532709,8.66,1.8229350866965048,18.13,1.0,24.199532717863576,1.037,0.0006178883158653995,0.013924032255057254,0.21647634866092977
1.7101878155342434,11.45,1.6331544390514163,20.1,2.0,24.356462702880243,1.081,0.0001970405813413918,0.010072249036765884,0.06080992761503338
1.5260563034950492,14.52,2.1849270495258133,26.02,2.0,23.797623851227193,1.026,-0.00015362942710842834,0.012575835875646844,-0.08880371352090233
1.4445632692438664,6.81,2.2741856184723477,18.77,2.0,25.208149329672644,0.883,0.0006666356850758943,0.016172567555038993,0.22274850082643852
